AATS1d,AATS2i,ATSC3c,ATSC4c,ATSC5c,ATSC3dv,ATSC3s,ATSC2m,ATSC3m,ATSC2v,ATSC4v,ATSC2are,ATSC3are,ATSC4are,ATSC2p,ATSC3p,ATSC3i,AATSC0s,AATSC0v,AATSC2i,MATS1c,MATS2d,MATS2i,GATS1c,GATS2c,GATS2s,GATS1m,GATS2m,GATS1are,GATS2are,GATS1i,GATS2i,BCUTc-1h,BCUTc-1l,BCUTare-1l,RNCG,RPCG,Xpc-4dv,AETA_eta,AETA_eta_FL,CIC2,MIC5,ZMIC5,FilterItLogS,SlogP_VSA2,VSA_EState1,bpol,SLogP,Endpoint,Cell,Canonical SMILES,Value
4.333333333,143.606308,0.00574893,-0.137835742,0.082794059,-29.7037037,-22.4249257,-0.105868167,-175.4748747,-125.499433,-51.70583224,-0.085204167,-0.96241875,-0.919816667,-0.747520219,-0.699381243,-3.83236511,4.281676023,41.39806399,-0.4179628,-0.376190841,-0.313131313,-0.32595997,1.0773986,0.756715507,0.643448376,0.458436116,0.611248155,0.493698565,0.658264753,0.906528292,1.208704389,0.41278133,-0.380368559,2.216002543,0.427634123,0.290516008,0.451299231,0.504629127,0.251279339,0.729573959,42.58367832,21.509775,-1.198560464,11.56648989,0,5.255621,0.8171,1,2,O=C1C=CC(=O)C(Cl)=C1,6.522878745
3.25,157.1776131,0.002709519,-0.02117192,0,-46.14269505,-31.10271131,860.2661543,-678.0507154,-47.15704641,-233.5150715,0.452637037,-0.904183951,0.173962963,0.75518752,-1.661158989,-4.065341045,3.79587927,65.59597395,-0.266237557,-0.783007825,-0.464285714,-0.195217988,1.836338554,0.678270196,0.490672523,0.585074767,0.887065277,0.973639504,0.528460948,0.982033992,1.099851034,0.405660961,-0.354940104,2.342908513,0.476354821,0.312676822,1.36468703,1.025405909,0.019565603,0.444444444,58.40065953,44.58078892,-1.229936276,9.643621824,-0.384259259,6.067621,0.5876,2,0,NC(=O)C(Br)Br,3.128427064
4.125,150.3947594,0.006401511,-0.239609292,0.085316015,-15.0154321,3.149156117,124.955351,-174.1122567,-21.57739465,-303.5246223,0.968721875,-0.519741797,-1.887107812,0.056897012,-2.077510244,-16.18481203,4.288331976,42.83400755,-0.332478313,-0.322997509,-0.27140255,-0.214568865,1.284381477,0.839632961,0.386516207,0.507185667,0.5646924,0.460240885,0.446434027,0.835323719,1.305273468,0.464447665,-0.387532356,2.193439334,0.387157388,0.263519379,0.661370568,0.455665497,0.299596581,0.547180469,43.01675,22.25,-2.202836976,4.923311049,0,6.122035,1.8304,0,1,Nc1ccc([N+](=O)[O-])cc1Cl,3.383944805
3.571428571,153.8936434,-0.03650031,-0.443373959,0.666173541,-53.405426,-29.33028426,379.213241,147.891404,270.9580345,-752.5753518,1.991128889,-0.839950222,-2.750762667,1.805213865,-1.965285425,-11.48258478,5.376091297,48.50893966,0.16296969,-0.76745983,-0.284090909,0.131739736,1.688387801,0.49095799,0.432342225,0.525152179,0.662599343,0.961744506,0.398747887,1.049366327,0.946553854,0.481691793,-0.329907166,2.22420964,0.314155957,0.225393991,1.174111515,0.776492552,0.195361976,0.7169925,54.11517823,27.17863479,0.03621899,22.15166537,-0.319444444,8.132035,0.8245,2,0,CC(C(=O)O)=C(Br)C(=O)O,1
3,150.1075782,0,0,0,0,0,-1777.356441,0,-164.4150163,0,-0.106704,0,0,-1.982286297,0,0,0.013600823,65.89349058,-0.15908655,-0.601078067,0.25,-0.249495066,1.702156133,0.531895911,0.061775088,1.068982546,0.954011636,0.577531646,1.28164557,1.001514803,0.998990132,0.293377152,-0.163943341,2.39529887,0.333333333,0.649859138,0,1.707106781,-0.274094079,0.9509775,41.37773568,49.67953177,-2.489643385,2.645710119,0.270833333,5.143207,2.4547,2,0,BrC(Br)Br,1
4.538461538,133.6406037,0.097061237,-0.10227336,0.059588815,-24.58792899,-1.659512889,-4394.305611,-21772.7759,7.986150703,449.8105405,-0.006788757,-0.298201775,-0.216513609,-2.677557659,-31.06402777,-17.16020944,1.652317721,86.13210464,-0.039407,-0.56691651,-0.269835035,-0.025344549,1.36143461,0.650636331,0.656084288,0.572486477,0.7801935,0.97587123,0.631838856,0.421437226,0.662101345,0.390809586,-0.292702471,2.123931283,0.729208168,0.422776071,1.829852095,0.818312699,0.207390305,0.673452885,134.2977815,58.63773707,-4.221948483,5.106527395,2.978703704,14.049621,3.206,0,1,Oc1c(I)cc(I)cc1I,3.853871964
3.615384615,141.1012826,-0.016778856,-0.069896516,0.07204069,-16.56338958,-3.261008335,-223.0051949,-3182.018852,-117.3581836,-167.3884684,-0.007619527,-0.316632544,-0.205628994,-0.031124548,-4.122599736,-7.1395937,1.664324502,72.0606549,-0.256790073,-0.57776087,-0.360411899,-0.166374207,1.351660279,0.506720481,0.592111689,0.47580106,0.643418991,0.973363286,0.632857196,0.645942166,0.96994951,0.363764542,-0.292429106,2.144281041,0.745939273,0.430400886,0.574016333,0.470238704,0.271824665,0.615384615,62.62538784,29.03421933,-2.1740627,5.106527395,1.139259259,8.696035,1.9968,0,1,Oc1ccc(I)cc1,3.214670165
5,168.3711064,-0.013491613,0,0,-51.61179698,-48.7261757,308.3854797,-1696.124487,11.61312699,0,-0.177063265,-0.59217551,0,1.027648082,-4.159839184,-1.502344784,7.856300293,18.41932663,-0.400635939,0.014865762,-0.328282828,-0.37163687,1.340162401,0.987635699,0.487028355,0.812279099,0.875320312,0.551085827,0.848433206,1.227925279,1.152379369,0.522766869,-0.38654988,2.394202224,0.486550366,0.792456536,1.291371896,0.896504448,0.133158893,0.285714286,73.62038556,43.2244071,-2.026544813,8.289867969,-2.020833333,3.566,1.7469,2,0,O=[N+]([O-])C(Cl)(Cl)Br,4.199282922
3.166666667,161.9611213,0.023472856,0,0,-9.048122953,-10.18671245,-243.1891321,-358.7248903,-121.6614289,0,-0.558267347,-0.037444898,0,-0.238841917,-1.088581495,2.180594407,4.021531063,49.16330665,-0.368408562,-0.162439928,-0.282051282,-0.383399603,0.996764566,1.086368271,0.832631024,0.548062431,1.064783196,0.564865489,1.0457299,1.659364652,1.145701881,0.405383356,-0.372258144,2.355644577,0.607347126,0.32809068,0.174963553,0.518435913,0.183366567,0.285714286,35.16644099,26.38027757,-1.050281786,11.12243021,0,3.894414,0.989,0,0,O=CC(Cl)Cl,4.53313238
3,133.5096732,0,0,0,0,0,-4060.058668,0,-241.9723255,0,-0.100556,0,0,-6.617696913,0,0,0.015284692,100.2978749,-0.552351402,-0.590554896,0.25,-0.408666425,1.681109792,0.545926805,0.037632568,1.059269998,0.960486668,0.675132547,1.216578302,0.524000725,1.31733285,0.287090692,-0.163776729,2.14001848,0.360834304,0.643110499,0,1.909697534,-0.325957677,0.4,110.2552901,75.55394722,-2.643311863,0.840635629,0.585833333,9.743207,2.5349,2,0,BrC(I)I,1
4.333333333,146.5826858,0.032694984,-0.270928969,0.013047109,-17.60491998,-2.86604824,-62.76695864,-668.2980081,-97.8367647,-192.8252903,0.705592,-0.791508,-2.510556,-0.057119351,-2.386078074,-12.22520258,5.149095412,44.81047503,-0.266751421,-0.348214402,-0.305709534,-0.180052491,1.15120602,0.773667271,0.455044997,0.482861954,0.638761122,0.52682999,0.522020372,0.727894085,1.181971967,0.467644287,-0.387525783,2.193647786,0.468307141,0.270905871,0.83332243,0.509007124,0.285748928,0.3169925,56.78170608,27.60869354,-2.234875571,10.02983844,0.325648148,6.558828,2.0629,0,1,O=[N+]([O-])c1ccc(O)c(Br)c1,3.060480747
4.333333333,147.7638196,0.046539537,-0.294692195,0.026000039,-17.03390947,-2.48600315,19.20009259,-134.907502,-116.5548189,-158.0932348,0.6868,-0.7782,-2.5767,-0.385094437,-2.033294477,-12.77184738,5.097183695,39.84049507,-0.336262907,-0.342853166,-0.305709534,-0.233226082,1.148568504,0.78582489,0.456742856,0.502324129,0.593140094,0.53097124,0.528821683,0.804241372,1.291300829,0.470342009,-0.387512255,2.194216077,0.454215871,0.262969797,0.597083897,0.448478937,0.301232699,0.3169925,45.20402649,22.92042483,-1.987294909,10.02983844,0,5.688828,1.9538,0,1,O=[N+]([O-])c1ccc(O)c(Cl)c1,3.416801226
4.153846154,141.9685947,0.155040411,-0.072537115,-0.01960317,-19.95662373,-0.924555142,-152.4652134,-937.1471992,-72.66632432,-313.1857441,-0.014208876,0.538431361,-0.799115976,-0.139703611,-2.59707942,-6.918607523,1.624633052,54.94876135,-0.293268904,-0.55077517,-0.327793167,-0.243872979,1.354375197,0.739049383,0.6743542,0.487435379,0.648011399,0.951866285,0.617218471,0.743434772,1.127748049,0.394131778,-0.287452889,2.192378344,0.651586758,0.378204644,0.919413616,0.530537779,0.267348435,0.365760577,59.05161702,28.46492091,-2.842444394,5.106527395,0.62037037,5.902828,2.8081,0,1,Oc1c(Cl)cccc1Br,2.795880017
3.571428571,152.5301345,0.019432067,-0.017958838,0,-51.0521262,-40.21352023,-325.0838735,-1083.762296,-147.8002363,-91.05989526,0.46945,-1.0868,0.280875,0.137423891,-2.619426887,-1.302302219,5.396621013,59.7879818,-0.333264547,-0.728942858,-0.466666667,-0.300020189,1.637664726,0.697951047,0.458127428,0.628061671,1.005224242,1.05082551,0.543563181,0.96765182,1.143543253,0.463693857,-0.329232611,2.345557661,0.55962926,0.382263813,1.159543315,1.004749976,0.023573921,0.25,61.7155,46.25,-1.013976629,14.81227478,-0.606481481,5.634414,1.1869,0,0,O=C(O)C(Br)Br,3.229147988
3,172.2495026,0,0,0,0,0,-392.0720026,0,-105.4507066,0,-0.141696,0,0,-0.854510621,0,0,0.018802012,43.59251884,0.114263646,-0.652886668,0.25,0.185425324,1.805773335,0.462817777,1.271076524,0.830157998,1.113228001,0.648096305,1.234602464,2.306275971,0.129149353,0.346315492,-0.169492436,2.413302552,0.333333333,0.686814962,0,0.702175637,0.087979922,0.9509775,21.7224211,25.80184651,-1.726319426,4.295451512,-0.75,2.533207,1.9864,2,0,ClC(Cl)Cl,1
3.4,161.3797521,0.018744557,0,0,-14.3127572,-11.50356589,-379.4467146,-73.10805875,-106.282783,0,-0.176675,-0.043575,0,-0.751573416,-0.140184505,2.193132018,3.027211511,35.49044854,-0.592451811,-0.20979446,-0.183673469,-0.421438739,1.240170743,0.926792772,0.529555389,0.621363905,1.304242312,0.6475284,1.042808895,1.305003207,0.965843092,0.398096351,-0.396272074,2.306895449,0.524592526,0.518015698,0.165985001,0.47289545,0.202126909,0.333333333,35.54875537,26.57945001,-1.183418094,4.83626969,0,2.593207,1.31368,2,0,N#CC(Cl)Cl,2.560667306
4.25,144.3728445,-0.090693572,0.071531359,-0.024379439,-13.43377534,-17.06226185,403.6380814,2623.921469,76.77272614,-246.3326517,0.398523457,-0.681165432,0.084918519,2.307881576,1.795626251,-2.119072906,4.778025453,43.45842347,0.062934616,-0.75388481,-0.4,0.062472291,1.657527487,0.643775054,0.466167176,0.740704559,0.782126042,1.198072894,0.57574989,0.663834057,0.785755346,0.473585352,-0.325094206,2.240998465,0.563991593,0.406572748,3.662723762,1.239965881,0.074505253,0.222222222,90.98994601,58.40936114,-1.885349325,11.07583268,0.481481481,6.011207,2.4248,0,0,O=C(O)C(Br)=C(Br)Br,2.785156152
2.5,158.2649417,-0.075254846,0.006367743,0,-43.17687548,-32.30498482,-3509.220971,-234.6840418,-254.2740831,-26.56854543,0.931437037,-2.029665432,0.566296296,-4.778986238,-1.599273107,-3.337825096,3.794910747,79.59345948,-0.508795415,-0.831633789,-0.5,-0.277978556,1.835557181,0.534257856,0.465446904,0.52882753,1.160020242,0.877345331,0.368359871,0.898922915,1.202925673,0.379524324,-0.358056804,2.169270741,0.513026063,0.315249129,0.211288564,0.70434294,0.059909932,0.444444444,64.69888977,30.10593335,-0.825349248,10.33473213,0.414444444,7.990828,-0.0933,2,0,NC(=O)CI,4.467245621
4,145.4920623,0.029737457,0,0,-10.57949106,-11.60367851,4115.560986,-7546.290745,200.8096485,0,-0.479012245,0.032791837,0,4.716907563,-7.980709307,-3.063131827,4.1654279,52.02624711,0.08902071,-0.203910426,-0.222222222,0.100946488,1.136307453,1.06435899,0.82022916,0.827321121,0.560422903,0.647760582,1.009770587,0.967515017,0.64503077,0.404145281,-0.371539947,2.33417464,0.659435392,0.415970757,1.363705935,1.432673798,-0.044358713,0.679269643,58.31501389,63.42972373,-2.43071991,8.428955065,-0.701388889,6.011207,2.0238,0,0,O=CC(Br)(Br)Br,5.446116973
4,158.8091371,0.117171193,-0.062056164,0,-45.8063134,-27.76689651,1879.497334,-517.238713,241.6189123,-463.3176824,0.48127037,-0.274139506,-0.28097037,3.36659464,-2.185696045,-3.169107508,3.67705799,49.31300492,-0.283356192,-0.74613952,-0.380434783,-0.238292558,1.898916405,0.833370062,0.516112592,0.620662672,0.677103096,1.118766865,0.474556515,1.128947156,1.147720156,0.439131374,-0.350171705,2.333863084,0.44027887,0.317939804,1.663583458,0.951927089,0.107095957,0.444444444,64.75440736,39.19666113,-1.608893112,9.149801867,-1.604166667,4.704414,0.998,0,0,NC(=O)C(Cl)(Cl)Br,5.061480275
5.3,145.6849775,0.018649726,-0.009401084,0,-17.15775034,-0.757146872,-2283.391655,-1729.666384,-39.20356904,-120.5124582,0.0873,0.01188,-0.03888,-1.199878356,-1.674079423,-3.81151252,0.194448731,35.93590374,-0.167327138,-0.694444205,-0.31835206,-0.139962868,1.793809658,0.992410702,1.1701006,0.672060775,0.881908037,1.454514128,0.800137836,0.984120842,1.171131215,0.387196522,-0.307824319,2.234832226,0.645753499,0.320528726,3.363524102,0.837923244,0.197610107,0.2,112.3555808,51.15769266,-4.74818903,4.983978521,2.59992284,6.223207,3.9556,1,2,Clc1[nH]c(Br)c(Br)c1Br,5.853871964
4,154.5854773,0.03847647,0,0,-8.013157526,-9.931160164,736.6106312,-2592.863175,116.4805113,0,-0.499638776,0.052040816,0,2.328650358,-4.395194926,0.566202197,4.021245284,40.56942642,-0.25038985,-0.238264531,-0.222222222,-0.272225285,1.240292843,1.068143462,0.840933682,0.698111747,0.79799338,0.68291463,1.024188554,1.33277536,1.026386596,0.421279122,-0.369663382,2.339992741,0.596609267,0.451006615,0.676413541,0.889681238,0.100446227,0.285714286,66.80773727,40.01600148,-1.964308263,9.528782661,-1.381944444,4.271207,1.7116,0,0,O=CC(Cl)(Cl)Br,4.691435586
4.833333333,142.8170699,-0.036202828,-0.084762244,0.072189731,-26.07407407,-22.89586191,-44.95796267,-618.91993,-60.19057491,142.0414921,-0.176816667,-0.933675,-0.448366667,-0.308814083,-1.556727161,-3.690557283,4.242362275,33.81359292,-0.379641341,-0.292573534,-0.264367816,-0.320492823,1.03808181,0.841020415,0.659935158,0.490459569,0.653946093,0.537623318,0.716831091,0.899010964,1.198681286,0.428142309,-0.378942168,2.212526592,0.393720101,0.292683559,0.703651916,0.608304353,0.232173948,0.833333333,42.79351443,34.21453751,-2.056381169,11.56648989,0,4.762414,1.3836,0,1,O=C1C=C(Cl)C(=O)C(Cl)=C1,4.04769199
4.4,141.3823693,0.009131864,-0.005701127,0.045118348,-9.93572931,0.668111568,-470.829914,-3669.304653,20.50236821,162.4427151,-0.383854222,-0.148032,-0.361397333,0.75305681,-5.515820053,-14.35504405,3.131898339,53.40405122,-0.014074729,-0.462547336,-0.210088692,-0.011570706,1.229941359,0.686245174,0.731380969,0.506122986,0.681727634,0.803796042,0.734327803,0.71950387,0.884195737,0.414617286,-0.371019507,2.186136714,0.524507973,0.303905543,1.098808494,0.615775279,0.260646012,0.266666667,72.9064854,34.38063724,-3.169862185,11.39268792,1.262268519,7.640828,2.7297,1,2,O=Cc1cc(Br)cc(Br)c1O,5.823908741
4.538461538,136.8706267,0.103003386,-0.103703593,0.058815174,-23.63076404,-1.401362894,-2222.681344,-12287.11795,0.900245712,293.9341494,-0.01017574,0.482184024,-0.751060947,-0.469693835,-14.07028459,-11.15282874,1.643625506,66.6596386,-0.112316704,-0.564663742,-0.269835035,-0.09106498,1.360267454,0.660567933,0.655831852,0.55576965,0.755074299,0.968396365,0.614943241,0.511241295,0.807250382,0.393118286,-0.291506208,2.14301454,0.71746808,0.416102764,1.527197352,0.769635697,0.216993577,0.307692308,107.5407558,48.39036554,-4.113833282,5.106527395,2.506203704,9.449621,3.5218,0,1,Oc1c(Br)cc(I)cc1Br,3.528855035
4.333333333,145.1879031,0.029985832,-0.266297723,0.010522794,-17.72858601,-2.921951594,-302.261459,-1862.675312,-72.43611785,-253.5892481,0.804572444,-0.918072,-2.173617333,0.550705667,-4.38807103,-12.08254757,5.157271795,55.87792182,-0.190207644,-0.34926683,-0.305709534,-0.109203252,1.151689022,0.771369639,0.454841494,0.486368277,0.655729921,0.50128906,0.49803707,0.625351372,1.013842489,0.467151219,-0.387528529,2.143508707,0.471152518,0.27250842,0.995972722,0.527296936,0.281383804,0.3169925,69.02329661,32.29696226,-2.327510016,10.02983844,0.483148148,8.858828,1.905,0,1,O=[N+]([O-])c1ccc(O)c(I)c1,3.543482142
4.5,141.9140201,-0.156292513,0.255692838,-0.138573216,-10.83016118,-7.581772709,-505.111046,-3693.298691,5.808974681,25.68613546,0.73174375,-0.73021875,-0.0898375,0.71412009,-4.919043451,-13.3276268,3.839965653,50.27293011,-0.005380878,-0.637108894,-0.163879599,-0.004316607,1.484168324,0.560031235,0.487031559,0.514184239,0.690652792,0.993238739,0.493783201,0.663335901,0.919866319,0.471342675,-0.326633975,2.185917424,0.364832397,0.24453126,1.155218034,0.659744473,0.252063289,0.375,73.9785,35,-2.58877104,16.18236008,0.957268519,7.640828,2.6154,0,0,O=C(O)c1cc(Br)cc(Br)c1O,3.655607726
4.125,143.661465,-0.22478261,0.360187409,-0.227872344,-7.980688443,-8.743509342,-39.95872127,-1594.878357,-67.15279652,-234.6097839,0.828310937,-0.872179688,0.310690625,0.167014493,-2.763842008,-12.10624979,3.829118642,49.66447623,-0.083226232,-0.64312679,-0.190306486,-0.063425254,1.485057141,0.532198225,0.478871434,0.49081478,0.639889332,0.947508193,0.47514089,0.745370804,1.034153699,0.469331129,-0.326682134,2.189129473,0.369111563,0.24678491,0.680393765,0.528305177,0.275190022,0.422180469,54.2545,26.5,-1.60142243,16.18236008,0.63212963,7.264035,1.8529,0,1,O=C(O)c1cc(Br)ccc1O,2.883392256
3.625,148.4907476,-0.007735067,-0.021731297,0.004099547,-19.42771258,-14.31295936,-2344.126482,1004.992108,-93.00218933,-134.6161439,0.51625679,-0.492632099,-0.665481481,-0.616816681,-0.893718929,-5.204801777,4.750916612,54.52105438,-0.130570579,-0.776857998,-0.55,-0.112805553,1.662198589,0.649618922,0.475467975,0.611579311,1.03633448,1.023711629,0.555987478,0.825449256,1.004317858,0.468777972,-0.325355565,2.250291671,0.579675407,0.41641334,0.915225727,0.878343801,0.120550476,0,80.95812347,37.33467224,-1.055600941,11.07583268,0.118055556,5.634414,1.7022,2,0,O=C(O)C(Br)=CBr,2.105130343
4.428571429,158.7796986,0.16737774,-0.063517474,0,-44.55555556,-34.53026406,555.5666976,-149.6567795,57.52027148,-167.319617,0.214553125,-0.2332625,0.011929688,1.779540933,-2.361665899,0.36958362,5.111327678,31.08557835,-0.383104133,-0.681496384,-0.392405063,-0.45077338,1.702245057,0.858177804,0.49112705,0.77110713,0.510397495,1.328109113,0.559351932,1.460738394,1.303921402,0.500917476,-0.323723199,2.338960929,0.508783548,0.378448764,0.980174427,0.738224123,0.162340086,0.594360938,40.19824667,37.93759217,-1.140945903,14.86836862,-2.166666667,3.401207,1.4412,0,1,O=C(O)C(Cl)(Cl)Cl,1.945666608
3.166666667,152.4101119,0.014393549,0,0,-11.74457602,-11.86920859,-443.057945,-3021.708193,-124.3792064,0,-0.48804898,-0.088432653,0,0.033711115,-3.320045205,-0.10397251,4.166138266,67.58388051,-0.262464514,-0.14840553,-0.282051282,-0.240557676,0.917913668,1.053089354,0.811300221,0.632165664,0.985056356,0.54669561,1.004132497,1.119843283,1.02459,0.385148797,-0.374147428,2.349841836,0.688208961,0.328580158,0.524890659,0.971140872,-0.005173489,0.285714286,58.12036489,44.97021391,-1.586686276,10.02260262,-0.171296296,5.634414,1.3012,0,0,O=CC(Br)Br,5.327902142
3.857142857,145.5273093,0.043141008,-0.086106047,0.0653577,-22.0340416,-0.354347223,68.64151011,-1958.675173,39.00543325,-212.5043663,0.085371429,-0.125540816,-0.390232653,0.518543045,-3.094154911,-10.13049707,0.600316272,58.35790434,-0.244283937,-0.657174617,-0.291989664,-0.170318189,1.729816484,0.574161092,0.620042421,0.480736494,0.617274963,1.133241379,0.565425287,0.741998931,1.103893328,0.358590526,-0.291315457,2.191777754,0.621292218,0.244228997,0.814175763,0.532194103,0.26362301,0.482491964,56.00632648,27.45358586,-3.058318245,0,0.946018519,6.336035,2.6847,0,1,Nc1ccc(Br)cc1Cl,2.857704412
2.5,162.6315628,-0.071160597,0.004920092,0,-42.70485529,-32.11343122,-1462.29767,52.41325778,-184.6816867,37.77574481,0.602837037,-1.443917284,0.414362963,-1.772107645,-0.429999902,-1.229580949,3.785241918,58.5243008,-0.472546342,-0.826129862,-0.5,-0.365792742,1.830545821,0.544993308,0.46622007,0.519435401,1.167727167,0.904179512,0.491940119,1.25866151,1.309064502,0.381168051,-0.3578548,2.356313041,0.508483838,0.31363964,0.163663418,0.658787388,0.085317803,0.444444444,48.14483699,23.76608334,-0.697422807,11.23726938,0,5.690828,-0.1334,2,0,NC(=O)CBr,4.434152181
4.4,143.744637,0.019840402,-0.039991892,0.078066481,-9.483786008,0.456920185,-56.01245112,-723.5105545,-8.386759642,37.12150937,-0.404990222,-0.201768,-0.416369333,0.39196317,-3.444971546,-12.43011013,3.062002066,44.53246388,-0.11952327,-0.458346778,-0.210088692,-0.097230423,1.226582293,0.695038214,0.737002538,0.499045851,0.632872391,0.800445595,0.740114071,0.844011995,1.054994365,0.419785877,-0.37095816,2.187079407,0.496723468,0.288043914,0.740671136,0.487282589,0.291663771,0.266666667,49.75112622,25.00409981,-2.702913078,11.39268792,0,5.900828,2.5115,1,2,O=Cc1cc(Cl)cc(Cl)c1O,5.769551079
4.076923077,141.9685947,0.069488346,-0.100704427,0.068323,-18.17314795,-1.404453844,-152.4652134,-2119.877135,-72.66632432,-92.47172538,-0.014208876,-0.163568639,-0.621746746,-0.139703611,-2.919305689,-6.883616028,1.624633052,54.94876135,-0.293268904,-0.569514186,-0.327793167,-0.243872979,1.355198449,0.613947214,0.623868158,0.487435379,0.648011399,0.951866285,0.617218471,0.743434772,1.127748049,0.38668306,-0.288415251,2.192522111,0.698833514,0.404585775,0.749889091,0.523424079,0.26562271,0.365760577,59.05161702,28.46492091,-2.842444394,5.106527395,0.866018519,5.902828,2.8081,0,1,Oc1ccc(Br)cc1Cl,3.222573178
3,173.9265975,-0.126455495,0,0,-59.93916744,-53.91042384,-1965.982853,-175.221999,-137.8576957,0,0.176122449,-1.788918367,0,-2.030598636,-0.566146238,-0.40880259,8.109294953,48.80484136,-0.350452015,0.262046873,-0.371794872,-0.302394522,0.696756555,0.837465128,0.438999567,0.547490901,1.287913202,0.249977017,0.751816896,1.456786423,1.094563369,0.547928397,-0.397443007,2.442167632,0.493197764,0.479630418,0.107142857,0.576539363,0.137452129,0.285714286,55.8334312,26.70001924,-1.116656164,10.37733548,0,4.552414,0.6155,0,0,O=[N+]([O-])CBr,5.151195299
3,164.6469739,0,0,0,0,0,-1407.157755,0,-129.7494652,0,-0.1323,0,0,-1.442367847,0,0,0.023379058,52.35303,-0.038981524,-0.626988985,0.25,-0.05340908,1.753977969,0.497348021,1.14335463,0.792942367,1.138038422,0.622699387,1.251533742,1.589772759,0.606818161,0.328237152,-0.169757874,2.406943367,0.388059921,0.677106068,0,0.965556319,-0.015086462,0.4,61.89863157,37.48241809,-2.003197445,3.745537714,-0.409722222,3.403207,2.1425,0,0,ClC(Cl)Br,1.93930216
3,133.5096732,0,0,0,0,0,-4060.058668,0,-241.9723255,0,-0.100556,0,0,-6.617696913,0,0,0.015284692,100.2978749,-0.552351402,-0.590554896,0.25,-0.408666425,1.681109792,0.545926805,0.037632568,1.059269998,0.960486668,0.675132547,1.216578302,0.524000725,1.31733285,0.287090692,-0.163776729,2.14001848,0.360834304,0.643110499,0,1.909697534,-0.325957677,0.4,110.2552901,75.55394722,-2.643311863,0.840635629,0.585833333,9.743207,2.5349,0,0,BrC(I)I,2.853871964
3.571428571,147.5333538,0.015049352,-0.016613852,0,-51.63632373,-40.45530831,-720.51541,-2485.953579,-162.9420053,-142.1381131,0.782978125,-1.7340625,0.401367188,-0.240529646,-5.959938837,-3.178471769,5.411282377,78.21274247,-0.301987851,-0.731841231,-0.466666667,-0.192061017,1.638159047,0.69130753,0.45727155,0.626118518,1.020968147,0.936463874,0.483791512,0.697448641,1.056189327,0.462224713,-0.329421537,2.166822826,0.563218387,0.383682931,1.466843195,1.062641209,0.006286055,0,99.3165,44.25,-1.106664004,13.90973753,-0.448981481,7.934414,1.227,2,0,O=C(O)C(Br)I,2.500312917
2,188.4728312,0,0,0,0,0,-96.98002822,0,-11.46436905,0,0.0081,0,0,-0.2915,0,0,3.916128978,8.359928571,0.075755604,-0.721275855,0.5,0.042383206,1.221275855,0.557448289,1.843887504,0.819263953,1.361472094,1.324175824,0.351648352,1.271191603,0.457616794,0.377992293,-0.367956924,2.343129131,1,0.963063515,0,0.19784335,0.326682442,0,32.47640996,15.84962501,-0.411945309,0,0,1.08,0.70628,2,0,N#CCl,1
5,163.3307244,-0.028604217,0,0,-54.7558299,-50.5965869,1307.805751,-3500.216592,26.28997983,0,-0.154397959,-0.660465306,0,1.734869306,-5.746364082,-2.957477002,8.006427125,23.79572286,-0.48193331,0.053877021,-0.328282828,-0.3882365,1.262721592,0.975580556,0.479437763,0.855747063,0.765823792,0.501012682,0.833058092,0.916277574,1.190515394,0.504775652,-0.388021418,2.388647202,0.487902541,0.750417692,1.82881494,1.122358684,0.079549538,0.285714286,78.74720466,54.59543079,-2.260943041,7.739954172,-1.680555556,4.436,1.903,0,0,O=[N+]([O-])C(Cl)(Br)Br,5.162411562
2.454545455,185.0426217,0.007028093,-0.121558871,0,-30,1.308641975,261.3090868,-276.0914336,255.5502031,56.64811776,1.398283333,-1.253055556,-2.863141667,0.918540399,-1.80993173,-3.410412223,5.441358025,35.75468877,0.116875719,-0.569748504,-0.466666667,0.116409587,1.341578032,0.419500652,0.319247495,0.710033229,0.601935968,0.256499095,0.558914899,2.32051246,0.719415757,0.317237047,-0.355711227,2.460203719,0.388483886,0.263326905,0.244809074,0.463695769,0.2342929,1.459147917,23.60706157,17.13233125,0.099552265,24.13657033,0,7.755242,-0.2603,0,0,CN(C)[N+](=O)[O-],1
3.470588235,170.7149929,-0.024688794,-0.129583112,0.093958459,-26.66435986,-0.001922338,-55.95899514,-143.7615274,-87.06593051,-247.157246,0.070759862,-1.347901038,-1.965170242,-0.226867067,-0.41441557,-0.358039606,4.240292195,39.55315454,-0.198928133,-0.337380249,-0.173502304,-0.165944492,1.21162997,1.077915389,0.363569358,0.665419178,0.933246717,0.419831881,0.872814255,1.800404787,1.303126712,0.352316406,-0.411628262,2.376626943,0.388753156,0.164630049,0.294810146,0.602362083,0.203986663,1.176470588,27.99173548,21.7835656,-0.038034272,36.34450311,4.90375,11.497656,-0.4897,2,0,O=[N+]([O-])N1CCOCC1,1
3.785714286,142.7161546,0.018389656,-0.013934206,0.017136454,-1.790487388,3.603864411,-54.03931957,-1313.814913,-112.5510893,149.0570616,-0.302414286,-0.000691837,-0.238873469,0.146271845,-2.760557744,-10.40539834,2.208108063,56.726138,-0.100102373,-0.236951489,-0.254125413,-0.077986956,0.885156433,0.865106315,0.727293605,0.466096273,0.6266751,0.465777516,0.744617881,0.857771865,0.953788179,0.380919129,-0.372460171,2.190816511,0.545461874,0.273903381,0.495597442,0.45157729,0.290381045,0.571428571,50.31691483,24.47585307,-2.592932709,6.286160523,0.93712963,7.264035,2.2616,0,0,O=Cc1cccc(Br)c1,2.948076084
2.714285714,153.8349288,-0.064491409,0.007617254,0,-50.0891358,-41.41863299,-4315.353612,-446.7588447,-304.0744835,11.91314662,1.262228125,-2.4657625,0.478992188,-5.373657017,-2.52336477,-0.815244162,5.389476318,79.45981456,-0.602597049,-0.773878053,-0.483870968,-0.363420026,1.632471042,0.579179325,0.432237214,0.544216335,1.259588664,0.870146946,0.36266429,0.855886909,1.266033733,0.441744497,-0.332164149,2.169336401,0.596310133,0.388041962,0.163663418,0.684895222,0.064719914,0.25,69.4785,31.75,-0.60967537,15.50338509,0.192222222,7.557621,0.506,0,1,O=C(O)CI,4.425968732
4.076923077,143.3362234,0.062218059,-0.114119825,0.09227455,-18.84257433,-1.881347464,-7.746926142,-622.7006105,-88.24543154,-114.4287664,-0.019379882,-0.234540828,-0.627343787,-0.319468782,-2.062333429,-6.83380221,1.598432192,49.60436549,-0.35553371,-0.568953522,-0.327793167,-0.295156622,1.351651351,0.604950313,0.620525329,0.492574581,0.609044978,0.939260485,0.619961514,0.819078942,1.231076719,0.389467753,-0.285532155,2.19305441,0.676216604,0.391492198,0.600843501,0.456665996,0.284608695,0.519606731,46.39867503,23.34123515,-2.590197482,5.106527395,0,5.032828,2.699,0,1,Oc1ccc(Cl)cc1Cl,2.876148359
3.4,149.0998829,0.009497644,0,0,-16.72610882,-12.86945588,-1711.412038,-1174.692997,-149.6097227,0,-0.115775,-0.086775,0,-1.520310153,-0.893254475,0.184534369,3.214839582,51.6039181,-0.509602073,-0.161526465,-0.183673469,-0.329719624,1.121608189,0.873161952,0.521311888,0.70095716,1.167754625,0.607425232,0.911211511,0.905679467,0.892236206,0.372390141,-0.400013297,2.304247577,0.621807034,0.493465435,0.497955002,0.907790365,0.014877122,0.333333333,59.03314474,45.59900002,-1.723567688,3.736442094,-0.185185185,4.333207,1.62588,0,1,N#CC(Br)Br,4.841637508
2,151.899658,0,0,0,0,0,-2806.927789,0,-70.19851879,0,-0.182722222,0,0,-4.246955556,0,0,4.353075929,50.38162078,-3.998644454,-0.489421578,0.5,-1.283358367,0.989421578,1.021156845,1.895344118,0.763255747,1.473488505,0.534128504,1.931742991,0.608320817,1.783358367,0.353154144,-0.382321585,2.158950669,1,0.722258542,0,0.343254242,0.226818662,0,80.79187851,34.86917502,-0.899487495,0,1.72,4.25,0.90248,0,0,N#CI,4.045275209
3.571428571,152.3593825,-0.037642412,-0.446618865,0.667909112,-53.91253114,-29.57444009,195.0633733,-577.8016725,324.6637184,-975.1072131,2.097128889,-1.562870222,-2.610136,3.177126094,-3.666164968,-11.65436552,5.384977474,60.4230261,0.300722801,-0.769908549,-0.284090909,0.198557492,1.689982348,0.486255906,0.43205908,0.521899533,0.702536993,0.918868035,0.384073318,0.864774197,0.783863338,0.480609767,-0.330043427,2.145355605,0.315474614,0.225758674,1.439903425,0.811212681,0.187327302,0.7169925,66.35676876,31.8669035,-0.059443798,22.15166537,-0.161944444,10.432035,0.8646,2,0,CC(C(=O)O)=C(I)C(=O)O,2.22184875
3,172.2495026,0,0,0,0,0,-392.0720026,0,-105.4507066,0,-0.141696,0,0,-0.854510621,0,0,0.018802012,43.59251884,0.114263646,-0.652886668,0.25,0.185425324,1.805773335,0.462817777,1.271076524,0.830157998,1.113228001,0.648096305,1.234602464,2.306275971,0.129149353,0.346315492,-0.169492436,2.413302552,0.333333333,0.686814962,0,0.702175637,0.087979922,0.9509775,21.7224211,25.80184651,-1.726319426,4.295451512,-0.75,2.533207,1.9864,0,0,ClC(Cl)Cl,2.026872146
4,155.3436347,0.096103137,-0.05447684,0,-47.82348558,-29.09660292,3868.629432,-1382.473807,298.899593,-546.6059451,0.481103704,-0.347295062,-0.215703704,4.874301353,-3.02520712,-5.218178592,3.737289041,55.77831268,-0.12301338,-0.755826163,-0.380434783,-0.095392756,1.893738519,0.805782959,0.51036343,0.653151207,0.601438104,1.112163711,0.467238513,0.928636646,0.983408489,0.430620771,-0.351182399,2.331211266,0.453209808,0.321507812,2.346094734,1.186883198,0.049150324,0.444444444,70.53266694,50.21621114,-1.843946334,8.599888069,-1.263888889,5.574414,1.1541,0,0,NC(=O)C(Cl)(Br)Br,5.32330639
4.076923077,140.3535832,0.040568513,-0.107624464,0.09458541,-21.16144642,-2.942809995,-483.5137997,-3069.418644,-52.23874876,-179.0727686,0.002631953,-0.608008284,-0.45513787,0.033543562,-6.00737669,-7.580127907,1.629267038,67.09708338,-0.227215847,-0.575649045,-0.327793167,-0.15739236,1.3553559,0.570989471,0.621179503,0.49048462,0.663511521,0.938234623,0.61405684,0.627847372,0.951136803,0.381497282,-0.289005811,2.143316588,0.708740075,0.40992005,0.999732325,0.547110829,0.260348934,0.365760577,72.43012985,33.58860667,-2.938642891,5.106527395,0.77787037,8.202828,2.6502,0,1,Oc1ccc(Cl)cc1I,3.515985037
4.733333333,144.7558116,0.065058498,-0.342317218,0.056763699,-20.83647005,-1.627567444,-554.2606361,-3042.281804,-20.19661629,-16.55611719,0.5842,-0.7473,-2.6547,0.565644277,-4.489580969,-12.14883876,5.168661027,44.48014151,-0.167712509,-0.32611324,-0.270527859,-0.116095069,1.140991098,0.804707062,0.460678247,0.519524806,0.697048655,0.563303374,0.556311988,0.635352906,1.060617934,0.473561446,-0.387500871,2.190104439,0.453368182,0.262939545,1.298014829,0.640007275,0.261742286,0.266666667,77.33090877,36.46431223,-3.22172626,10.02983844,0.589953704,6.935621,2.8254,0,0,O=[N+]([O-])c1cc(Br)c(O)c(Br)c1,4.294992041
4.833333333,139.9298539,-0.018451065,-0.108012093,0.077031192,-28.86831276,-23.63638117,-617.6884807,-3819.896881,-37.15690504,218.185279,-0.147266667,-0.9267,-0.561466667,-0.040214053,-3.603927206,-4.443228284,4.356379077,42.95506328,-0.255149323,-0.328000004,-0.264367816,-0.227150314,1.053287269,0.798541287,0.650911853,0.526903198,0.702537597,0.525808064,0.701077419,0.770665015,1.027553353,0.418138196,-0.379946179,2.211235411,0.432609849,0.308439527,1.125814613,0.864152964,0.16562578,0.833333333,61.94420912,49.72431251,-2.532926656,11.56648989,0.596064815,6.502414,1.6958,0,1,O=C1C=C(Br)C(=O)C(Br)=C1,3.507239611
4.076923077,143.3362234,0.062218059,-0.114119825,0.09227455,-18.84257433,-1.881347464,-7.746926142,-622.7006105,-88.24543154,-114.4287664,-0.019379882,-0.234540828,-0.627343787,-0.319468782,-2.062333429,-6.83380221,1.598432192,49.60436549,-0.35553371,-0.568953522,-0.327793167,-0.295156622,1.351651351,0.604950313,0.620525329,0.492574581,0.609044978,0.939260485,0.619961514,0.819078942,1.231076719,0.389467753,-0.285532155,2.19305441,0.676216604,0.391492198,0.600843501,0.456665996,0.284608695,0.519606731,46.39867503,23.34123515,-2.590197482,5.106527395,0,5.032828,2.699,0,1,Oc1ccc(Cl)cc1Cl,3.262886906
4.25,150.1093032,0.182618819,-0.069792833,-0.041926994,-10.95595184,-1.466683192,-256.5606143,-2174.394196,-26.62466041,18.8830772,-0.206444444,0.283144444,-0.249655556,-0.066013344,-3.295714065,-8.192539261,1.800590069,48.42006085,-0.163945887,-0.5452872,-0.315508021,-0.113189197,1.370272496,0.84090246,0.732528325,0.498216923,0.679832419,1.034463141,0.801936694,1.085113546,1.14062405,0.411737497,-0.351741166,2.220606279,0.591883664,0.343922626,0.647462991,0.497525993,0.274808116,0,62.27139613,29.87468751,-2.621646507,10.09050592,0.712407407,6.039621,2.2031,1,2,Oc1cc(Br)cnc1Cl,4.351639989
4.533333333,147.1738114,0.000240194,-0.085889386,0.069729462,-39.80971193,-14.61205101,383.9222932,-179.7881421,347.9114939,-440.6476134,0.300757333,-0.226834667,-1.227809333,1.474159138,-1.908347311,-10.92156406,3.653460685,44.53246388,0.003114782,-0.29624504,-0.181701031,0.002533829,1.071977908,0.861384495,0.605332188,0.468942372,0.520258765,0.493893594,0.585035336,0.982361251,0.968528467,0.426992376,-0.379826108,2.203888757,0.376121243,0.280243805,1.18780928,0.723523543,0.213205361,0.583659167,49.43159778,25.61587855,-2.668003078,11.56648989,0,6.768828,1.7737,0,1,CC1=C(Cl)C(=O)C(Cl)=CC1=O,3.774432287
4,149.9648074,0.03415,0,0,-9.252428543,-10.7545402,1921.96384,-4746.938901,154.4140406,0,-0.491391837,0.043738776,0,3.329692226,-6.064376606,-1.031105849,4.094946483,46.6363199,-0.118420501,-0.22012275,-0.222222222,-0.127609039,1.187396569,1.068299318,0.830989964,0.75090278,0.711705226,0.664780447,1.018611665,1.120203384,0.883452872,0.412595232,-0.370597084,2.337071964,0.6263417,0.434476021,0.979459304,1.138512466,0.032647699,0.285714286,71.93455636,51.38702516,-2.204644403,8.978868863,-1.041666667,5.141207,1.8677,0,0,O=CC(Cl)(Br)Br,5.288192771
4.272727273,154.4852285,0.343485252,-0.757375059,-0.294558535,76.35702479,-9.904250872,-30.55843302,963.0406479,431.1810238,2432.635185,-0.88447686,0.250233884,-4.874318182,8.421799022,17.33551183,30.36393793,4.398905288,62.94127705,0.116460994,-0.445516389,0.145035214,0.069307048,1.413650098,0.946217797,0.71615206,0.506208511,0.607203621,0.826747845,0.809738422,0.971551466,0.983561939,0.497316604,-0.386792706,2.119435659,0.114752423,0.086488704,3.804664876,1.181834074,0.208662389,1.517156534,84.73478308,57.95048283,-4.175350888,75.6749896,0.08162142,31.133312,-0.4254,2,0,O=C(NC(CO)CO)c1c(I)c(C(=O)NC(CO)CO)c(I)c([N+](=O)[O-])c1I,1
3.125,165.0225492,-0.028903316,-0.001654264,0,-43.74790428,-22.69898822,-677.0286075,-11.55193521,-194.0153096,16.70044864,0.27187037,-1.09617284,0.18942963,-1.473892484,0.21078519,1.547433149,3.272571179,48.86224044,-0.444747822,-0.672219146,-0.506578947,-0.406493088,1.646668349,0.778180946,0.604325835,0.500736069,1.169297602,0.75125813,0.657589341,1.698735337,1.372344709,0.398726146,-0.353592267,2.360048405,0.415407122,0.37929166,0.163663418,0.619599716,0.152731717,0.222222222,44.84458481,22.80167223,-1.477585954,11.78718317,0,5.467621,0.4952,0,0,O=C(CCl)NCl,3.591760035
3.4,149.0998829,0.009497644,0,0,-16.72610882,-12.86945588,-1711.412038,-1174.692997,-149.6097227,0,-0.115775,-0.086775,0,-1.520310153,-0.893254475,0.184534369,3.214839582,51.6039181,-0.509602073,-0.161526465,-0.183673469,-0.329719624,1.121608189,0.873161952,0.521311888,0.70095716,1.167754625,0.607425232,0.911211511,0.905679467,0.892236206,0.372390141,-0.400013297,2.304247577,0.621807034,0.493465435,0.497955002,0.907790365,0.014877122,0.333333333,59.03314474,45.59900002,-1.723567688,3.736442094,-0.185185185,4.333207,1.62588,0,0,N#CC(Br)Br,5.554395797
4.333333333,146.5826858,0.032694984,-0.270928969,0.013047109,-17.60491998,-2.86604824,-62.76695864,-668.2980081,-97.8367647,-192.8252903,0.705592,-0.791508,-2.510556,-0.057119351,-2.386078074,-12.22520258,5.149095412,44.81047503,-0.266751421,-0.348214402,-0.305709534,-0.180052491,1.15120602,0.773667271,0.455044997,0.482861954,0.638761122,0.52682999,0.522020372,0.727894085,1.181971967,0.467644287,-0.387525783,2.193647786,0.468307141,0.270905871,0.83332243,0.509007124,0.285748928,0.3169925,56.78170608,27.60869354,-2.234875571,10.02983844,0.325648148,6.558828,2.0629,1,2,O=[N+]([O-])c1ccc(O)c(Br)c1,5.698970004
4.357142857,146.0881977,0.0250915,-0.006581153,0.03618445,-21.66994205,-1.370450466,92.46077325,771.1118023,99.16263379,-255.7198196,0.085371429,0.174544898,-0.189661224,0.673575756,0.697107056,-9.432570859,0.551801928,48.84846718,-0.275392514,-0.601477647,-0.289473684,-0.204752436,1.67399222,0.686543323,0.585372178,0.498456585,0.600035662,1.086390457,0.569180776,0.792648149,1.179029879,0.383654999,-0.28405413,2.189058016,0.554052997,0.217822885,1.415544668,0.540205897,0.272645081,0.625349107,53.28515553,26.90967801,-3.587717276,0,0,4.972828,3.229,0,1,Nc1ccc(Cl)c(Cl)c1Cl,3.142004504
2.333333333,153.8598833,-0.002535185,0,0,-13.00984631,-12.32034603,-4343.113551,-1769.480728,-300.3078419,0,-0.063840816,-0.609893878,0,-5.463132705,-3.190829125,0.443849182,4.165926192,90.79954969,-0.557426585,-0.155209752,-0.377777778,-0.321443905,0.793615434,0.96634801,0.793879147,0.542049566,1.210909605,0.50191155,0.75226809,0.931476781,1.16496165,0.356739971,-0.377085241,2.16946745,0.79449807,0.339309237,0,0.625619678,0.041710085,0.285714286,67.87016595,30.71052627,-1.177459387,10.71371293,0.608888889,7.557621,0.6203,0,0,O=CCI,5.22184875
5,163.3307244,-0.028604217,0,0,-54.7558299,-50.5965869,1307.805751,-3500.216592,26.28997983,0,-0.154397959,-0.660465306,0,1.734869306,-5.746364082,-2.957477002,8.006427125,23.79572286,-0.48193331,0.053877021,-0.328282828,-0.3882365,1.262721592,0.975580556,0.479437763,0.855747063,0.765823792,0.501012682,0.833058092,0.916277574,1.190515394,0.504775652,-0.388021418,2.388647202,0.487902541,0.750417692,1.82881494,1.122358684,0.079549538,0.285714286,78.74720466,54.59543079,-2.260943041,7.739954172,-1.680555556,4.436,1.903,2,0,O=[N+]([O-])C(Cl)(Br)Br,3.844663963
4.5,144.1735805,-0.143738906,0.187526644,-0.060261532,-11.36728395,-8.229957324,-12.22454264,-783.8760773,-18.89659566,-85.76635193,0.694998437,-0.817617188,-0.193646875,0.35401975,-3.074869271,-11.93594174,3.758954428,41.85359595,-0.107884862,-0.63101982,-0.163879599,-0.087304196,1.477552076,0.565338023,0.488861037,0.532836591,0.602474685,0.992973676,0.507091805,0.792832906,1.10000949,0.472795557,-0.326451261,2.186854753,0.351087563,0.235515622,0.797080677,0.533581205,0.280496234,0.375,51.753,26,-2.131742553,16.18236008,0,5.900828,2.3972,1,2,O=C(O)c1cc(Cl)cc(Cl)c1O,3.958607315
3.5,147.4411774,0.066556808,-0.058772857,-0.00525776,-21.23230033,-0.612101036,62.24529868,-2.789394281,-84.67420966,-410.291005,0.061071429,0.137130612,-0.503632653,-0.313475119,-1.314006904,-10.82074653,0.616286249,54.24768511,-0.354262055,-0.628369496,-0.333333333,-0.240510925,1.706760461,0.643803812,0.652834787,0.549565002,0.61722339,1.169708029,0.597323601,0.838704361,1.229825787,0.349008785,-0.290696339,2.195268988,0.585096532,0.229999897,0.474189518,0.397749557,0.298808673,0.857142857,34.55024977,18.20715248,-2.008384665,0,0,5.959242,1.9222,0,1,Nc1ccccc1Cl,2.909706669
3.857142857,142.8287301,0.022556606,-0.078117987,0.067612853,-23.70068475,-1.052383056,-480.3481435,-5501.152203,87.29023255,-324.229628,0.0557,-0.3712,-0.185,0.996541684,-6.872988896,-13.22348705,0.618830849,75.1814644,-0.107619711,-0.659599733,-0.291989664,-0.063952263,1.743102415,0.537512561,0.631200261,0.499306978,0.657944267,1.232109164,0.603425427,0.587867294,0.88146499,0.350989738,-0.29590996,2.142915871,0.656576894,0.257849224,1.265717654,0.629906279,0.239363249,0.482491964,80.8767847,37.24392709,-3.37637965,0,2.155625,9.506035,2.6359,0,1,Nc1ccc(Br)cc1I,2.767893707
2.4,150.9638748,-0.007448637,0,0,-17.02979424,-13.35449607,-5095.028381,-627.9651519,-257.1603938,0,0.171911111,-0.455033333,0,-6.958997316,-0.845754518,0.618259659,3.212629246,88.1567342,-0.872181236,-0.09154488,-0.357142857,-0.379015664,0.800122754,0.756937054,0.498908809,0.562801791,1.349702037,0.514920154,0.367925,0.807780843,1.089393402,0.339788736,-0.405788695,2.16816827,0.738900477,0.325338418,0,0.564993081,0.06947891,0.333333333,71.59015076,32.07619168,-1.313345486,4.427552402,0.595,6.256414,0.94498,1,2,N#CCI,5.27572413
3.692307692,142.7162941,0.068467695,-0.044995594,-0.011193202,-18.37335736,-2.833542849,-26.0575708,-234.3145762,-146.1633155,-319.1922069,0.0032,0.1384,-0.5624,-0.492686901,-1.478144879,-6.822390841,1.65969635,58.71553911,-0.326590596,-0.558845311,-0.360411899,-0.252740371,1.350753351,0.635777206,0.640949679,0.472662725,0.626892397,0.954657164,0.614847822,0.761970804,1.145452677,0.373179569,-0.290747092,2.195490801,0.688349615,0.39818863,0.655408711,0.458344952,0.27976815,0.769230769,49.24687502,23.91053356,-2.064274491,5.106527395,0.736111111,6.396035,2.1547,1,2,Oc1ccccc1Br,4.260427656
4.428571429,150.3293604,0.120390742,-0.04897418,0,-49.91838134,-37.84710553,2197.097329,-2057.222374,122.8571114,-249.2164367,0.277103125,-0.4087625,0.080554688,3.755487216,-4.668380854,-2.113211621,5.304963605,43.38197372,-0.196109698,-0.697808617,-0.392405063,-0.197579898,1.684745565,0.80971678,0.478776715,0.729455907,0.706651656,1.281976958,0.534266788,0.922240859,1.003886291,0.485601814,-0.325679171,2.333435629,0.53653629,0.388391332,2.008472531,1.166702656,0.052586026,0.25,74.632375,52.25,-1.627741303,13.76854102,-1.486111111,5.141207,1.7534,2,0,O=C(O)C(Cl)(Br)Br,1.886056648
3.857142857,146.7646876,0.035882992,-0.093872086,0.086121527,-22.29428068,-0.612509293,119.7191561,-614.4687708,17.41322902,-243.245668,0.087396429,-0.178287245,-0.377696939,0.261828727,-2.236083827,-10.46164661,0.584044866,53.00079285,-0.314150542,-0.655711273,-0.291989664,-0.222642398,1.717029053,0.564057836,0.603517359,0.49110453,0.57607919,1.093841547,0.565891978,0.815546743,1.203846417,0.362799123,-0.287359408,2.192299579,0.598617549,0.23531583,0.665130172,0.464981706,0.282608994,0.625349107,43.91770265,22.55841525,-2.80561563,0,0,5.466035,2.5756,0,1,Nc1ccc(Cl)cc1Cl,3.142667504
3.615384615,144.0839227,-0.018187257,-0.090352744,0.100782865,-17.59821755,-3.6952072,-8.174699858,-445.3289979,-167.4352288,-102.8947134,0.002726036,-0.615113018,-0.453702367,-0.781510422,-1.395212055,-6.987380533,1.633536524,52.55788523,-0.392028841,-0.580356588,-0.360411899,-0.304939354,1.350016591,0.49921847,0.587725691,0.528859625,0.63045046,0.936580882,0.614223385,0.837923074,1.249915042,0.367759619,-0.288701842,2.196211613,0.715933289,0.413088116,0.304284187,0.38431231,0.299185943,0.615384615,36.59393302,18.7868478,-1.793472685,5.106527395,0,5.526035,2.0456,0,1,Oc1ccc(Cl)cc1,2.852911375
2,188.4728312,0,0,0,0,0,-96.98002822,0,-11.46436905,0,0.0081,0,0,-0.2915,0,0,3.916128978,8.359928571,0.075755604,-0.721275855,0.5,0.042383206,1.221275855,0.557448289,1.843887504,0.819263953,1.361472094,1.324175824,0.351648352,1.271191603,0.457616794,0.377992293,-0.367956924,2.343129131,1,0.963063515,0,0.19784335,0.326682442,0,32.47640996,15.84962501,-0.411945309,0,0,1.08,0.70628,0,0,N#CCl,2.488116639
4.833333333,142.8170699,-0.036202828,-0.084762244,0.072189731,-26.07407407,-22.89586191,-44.95796267,-618.91993,-60.19057491,142.0414921,-0.176816667,-0.933675,-0.448366667,-0.308814083,-1.556727161,-3.690557283,4.242362275,33.81359292,-0.379641341,-0.292573534,-0.264367816,-0.320492823,1.03808181,0.841020415,0.659935158,0.490459569,0.653946093,0.537623318,0.716831091,0.899010964,1.198681286,0.428142309,-0.378942168,2.212526592,0.393720101,0.292683559,0.703651916,0.608304353,0.232173948,0.833333333,42.79351443,34.21453751,-2.056381169,11.56648989,0,4.762414,1.3836,1,2,O=C1C=C(Cl)C(=O)C(Cl)=C1,5.22184875
3.857142857,145.5273093,0.043141008,-0.086106047,0.0653577,-22.0340416,-0.354347223,68.64151011,-1958.675173,39.00543325,-212.5043663,0.085371429,-0.125540816,-0.390232653,0.518543045,-3.094154911,-10.13049707,0.600316272,58.35790434,-0.244283937,-0.657174617,-0.291989664,-0.170318189,1.729816484,0.574161092,0.620042421,0.480736494,0.617274963,1.133241379,0.565425287,0.741998931,1.103893328,0.358590526,-0.291315457,2.191777754,0.621292218,0.244228997,0.814175763,0.532194103,0.26362301,0.482491964,56.00632648,27.45358586,-3.058318245,0,0.946018519,6.336035,2.6847,0,1,Nc1ccc(Br)cc1Cl,3.39870069
5.3,145.6849775,0.018649726,-0.009401084,0,-17.15775034,-0.757146872,-2283.391655,-1729.666384,-39.20356904,-120.5124582,0.0873,0.01188,-0.03888,-1.199878356,-1.674079423,-3.81151252,0.194448731,35.93590374,-0.167327138,-0.694444205,-0.31835206,-0.139962868,1.793809658,0.992410702,1.1701006,0.672060775,0.881908037,1.454514128,0.800137836,0.984120842,1.171131215,0.387196522,-0.307824319,2.234832226,0.645753499,0.320528726,3.363524102,0.837923244,0.197610107,0.2,112.3555808,51.15769266,-4.74818903,4.983978521,2.59992284,6.223207,3.9556,0,1,Clc1[nH]c(Br)c(Br)c1Br,3.645699438
4.272727273,155.2615321,0.299324056,-0.709629398,-0.326324176,80.48931742,-10.30754602,118.1474445,1749.537009,356.0787375,2010.576848,-1.005460124,0.468508471,-3.478895455,6.742478409,15.1348876,24.7224398,4.382750047,56.96310699,0.048013274,-0.437010261,0.145035214,0.030719435,1.407190088,0.950059116,0.717848483,0.502168185,0.601073182,0.83586377,0.818935407,1.060590875,1.076803749,0.503966083,-0.386614161,2.127296758,0.113433172,0.087001038,3.279076372,1.112427221,0.216446307,1.409090909,73.97949943,52.3829469,-3.976399971,75.6749896,-0.154254483,27.963312,-0.3766,2,0,O=C(NC(CO)CO)c1c(Cl)c([N+](=O)[O-])c(I)c(C(=O)NC(CO)CO)c1I,1
3.5,142.8996372,0.015968844,-0.004543286,-0.015622354,-16.7399477,0.667948991,118.462247,-127.9792468,-81.69488191,-531.8844366,-0.0181125,0.044507813,-0.2494125,0.011510825,0.710085461,-0.623673357,0.34281463,62.34740626,-0.145002797,-0.251444072,-0.160104987,-0.112183557,1.163836233,1.060011212,0.963044589,0.469197754,0.611717654,0.683770883,0.792362768,0.874333781,1.000561272,0.328964387,-0.313070765,2.185654192,0.220878653,0.142453219,0.809804281,0.505942974,0.275219807,0.97560253,45.636,22.75,-3.089606268,0,1.097222222,8.402449,3.0921,0,0,C=Cc1ccccc1Br,2.815308569
4.733333333,147.1180792,0.081989169,-0.383295863,0.082469636,-19.11934156,-1.033614794,-32.04547037,-497.5914057,-46.67974483,-51.82987576,0.539128,-0.751572,-2.715384,0.15075225,-2.789648924,-12.42460083,5.065477146,35.90930408,-0.297726912,-0.313646016,-0.270527859,-0.214203519,1.134176493,0.825309326,0.464152518,0.508615193,0.62556622,0.574329307,0.573059385,0.777130294,1.261592835,0.47894846,-0.38747419,2.191165398,0.42732485,0.248237874,0.858429311,0.513337784,0.2901292,0.266666667,54.17554959,27.0877748,-2.765278447,10.02983844,0,5.195621,2.6072,0,0,O=[N+]([O-])c1cc(Cl)c(O)c(Cl)c1,4.171984936
3.571428571,147.5333538,0.015049352,-0.016613852,0,-51.63632373,-40.45530831,-720.51541,-2485.953579,-162.9420053,-142.1381131,0.782978125,-1.7340625,0.401367188,-0.240529646,-5.959938837,-3.178471769,5.411282377,78.21274247,-0.301987851,-0.731841231,-0.466666667,-0.192061017,1.638159047,0.69130753,0.45727155,0.626118518,1.020968147,0.936463874,0.483791512,0.697448641,1.056189327,0.462224713,-0.329421537,2.166822826,0.563218387,0.383682931,1.466843195,1.062641209,0.006286055,0,99.3165,44.25,-1.106664004,13.90973753,-0.448981481,7.934414,1.227,0,0,O=C(O)C(Br)I,3.047207557
4,143.2092435,-0.055579431,0.040471552,0.033110111,-7.316031093,-0.172838363,-74.63979937,-1530.750729,-63.32523214,-135.7457121,-0.334270222,-0.394848,-0.127109333,0.203978638,-3.06540115,-12.71199039,3.128244932,52.96095325,-0.094115481,-0.469325169,-0.25974026,-0.072088084,1.227780685,0.633486054,0.72008148,0.478531585,0.63786863,0.775721408,0.711433339,0.793345973,0.991509567,0.407442616,-0.371054601,2.189366331,0.532751268,0.307890297,0.625516733,0.480337051,0.286943691,0.3169925,52.35728271,25.52501856,-2.174018946,11.39268792,0.78462963,7.264035,1.9672,1,2,O=Cc1cc(Br)ccc1O,5.823908741
4.4,139.9875867,0.01041652,-0.001501603,0.039386314,-9.739014906,0.779414048,-917.240119,-6515.737824,38.74630585,290.3234813,-0.335,0.2995,-0.3161,0.899982271,-9.771463256,-16.21169857,3.137613444,63.57690936,0.040104455,-0.462487169,-0.210088692,0.028339087,1.230227228,0.688333802,0.731080037,0.509198472,0.689828459,0.776774071,0.711899861,0.626107281,0.770452368,0.414335997,-0.371027143,2.14262748,0.527125491,0.305422106,1.194058786,0.635466508,0.256280888,0.133333333,85.14807594,39.06890596,-3.24550721,11.39268792,1.459143519,9.940828,2.5718,0,1,O=Cc1cc(I)cc(Br)c1O,2.682814492
3.833333333,150.7227667,0.189576728,-0.10975029,-0.016913737,-17.22938576,-1.299707195,32.87649781,367.1700777,-132.4899057,-243.2821181,-0.125488194,0.439488194,-0.654574306,-1.066742937,0.161225843,-1.455940091,1.838884007,53.65074916,-0.454078488,-0.543079471,-0.329411765,-0.297226526,1.359154834,0.829428381,0.746049248,0.474884298,0.634761047,0.982120859,0.777532957,1.092592397,1.304818096,0.396683298,-0.358872609,2.225357766,0.607786736,0.352850491,0.544652778,0.43248222,0.29113636,0.166666667,51.98106002,25.09473751,-1.843813248,10.09050592,0.486111111,6.532828,1.5497,1,2,Oc1cccnc1Br,3.53165267
3,179.2766491,-0.112651295,0,0,-56.57722348,-52.00523191,-394.8278934,-16.2980418,-73.94971243,0,0.099732653,-1.686244898,0,-1.008289157,-0.08652099,0.136280454,7.961007997,37.14165824,-0.111159996,0.23240184,-0.371794872,-0.126052014,0.761395476,0.883098681,0.44700555,0.496729339,1.319791554,0.264681008,0.783099862,2.125776185,0.870378428,0.575961398,-0.395858465,2.450612229,0.460947224,0.484117389,0.061858957,0.405747614,0.234923468,0.285714286,38.00632639,19.48110659,-0.820671626,10.92724928,0,3.682414,0.4594,0,0,O=[N+]([O-])CCl,3.276544328
4.333333333,150.3950026,0.084326868,-0.1086059,0.029515864,-19.00411523,-5.250344722,-207.7026624,-1497.272586,-32.12308874,24.963297,0.217133333,-0.1445,-0.911266667,0.551054613,-3.910659063,-8.633788286,2.49044775,48.42006085,-0.112172805,-0.671514781,-0.313131313,-0.077444759,1.630657097,0.887886435,0.587141952,0.493299988,0.653746574,0.772613168,0.63132849,1.10818884,1.098496334,0.454446236,-0.371714911,2.216216762,0.438685675,0.351638053,0.747331635,0.520018746,0.263015823,0,62.27139613,29.87468751,-3.103756507,4.983978521,0.453703704,6.337621,1.7908,1,2,O=c1[nH]cc(Cl)cc1Br,4.519993057
3.9,174.2011758,-0.000325085,-0.300299722,-0.047101114,-28.08,15.72555556,125.8315778,-63.65102768,-52.20536651,-328.4324427,2.260096,-1.578968,-6.10576,-0.052723718,-1.236035172,-3.496671773,6.24,35.12514218,-0.318175664,-0.46656004,-0.21875,-0.266913341,1.288773533,0.390582965,0.285691675,0.563842566,0.741536966,0.248841819,0.506746351,1.792382359,1.547813267,0.372098875,-0.355763069,2.371283413,0.197559244,0.13450024,0.589620292,0.649848232,0.22202746,2,26.04629196,35.30699333,0.326270947,46.26147836,0,11.497656,-1.0126,0,0,O=[N+]([O-])N1CCN([N+](=O)[O-])CC1,2.54515514
4.5,140.5798802,0.184142093,-0.301281675,-0.086233774,-35.45373371,-7.874019895,-990.241127,-4734.591448,21.0084768,48.23333194,0.826708984,-0.556826172,-2.109814844,0.863442918,-8.28506187,-14.83554402,3.846430337,59.90726503,0.04749793,-0.66611736,-0.27090301,0.032809323,1.507695337,0.557537364,0.484754261,0.513832114,0.701627452,0.948985834,0.475138445,0.578217839,0.801862985,0.459224164,-0.327978621,2.14216883,0.367314847,0.243539033,1.463274048,0.680184809,0.248061925,0.25,85.7285,39.5,-2.660854913,16.18236008,0.90849537,9.940828,2.4575,0,1,O=C(O)c1cc(Br)c(O)c(I)c1,2.943552542
3.375,145.2480292,-0.189846116,0.09737221,-0.02348383,-11.43446155,-17.85945745,4797.336672,-4617.704639,88.89587421,-29.34604941,0.7054,-1.125,-0.325,5.513496019,-2.21452669,0.556212058,4.763771117,70.40166886,-0.075932822,-0.821967759,-0.1,-0.049744358,1.687715722,0.44946999,0.421331376,0.6095193,0.547307269,0.925278407,0.508229521,0.638593137,0.883266926,0.457015299,-0.327534152,2.15099254,0.594384869,0.409595729,0.745088449,0.952118572,0.110701927,0,97.51217625,43.67452224,-1.144503794,11.07583268,0.595,7.934414,1.7423,2,0,O=C(O)C=C(Br)I,2.197226275
2.4,164.7885189,-0.001803857,0,0,-15.52263374,-12.56242697,-396.0439318,-0.40099675,-111.160558,0,-0.0785,-0.2184,0,-0.928970834,0.104498418,2.587725577,3.104387881,49.29031814,-0.644022228,-0.092258198,-0.357142857,-0.428287573,0.853062351,0.880651471,0.504689727,0.501234762,1.425795973,0.51252505,0.839536215,1.361437947,1.003959016,0.35466251,-0.403496635,2.312727374,0.641272358,0.356330796,0,0.330763461,0.242011824,0.333333333,32.19058315,16.56641667,-0.856278108,5.880003445,0,3.086414,0.74878,2,0,N#CCCl,3.221125528
4.916666667,136.5203852,0.008014891,-0.121474427,0.078207686,-29.76246914,-23.73404267,-1939.627382,5421.882629,-13.31476145,-375.4028519,-0.028016667,-1.131975,-1.118066667,-0.545288686,7.448112549,2.001223924,4.374365871,64.78626888,-0.139885428,-0.325173233,-0.333333333,-0.091602951,1.055673712,0.836214776,0.651188094,0.536330123,0.715106831,0.469537555,0.626050074,0.584287391,0.779049855,0.417235877,-0.379625746,2.124758624,0.4283755,0.286009677,2.974586914,0.958672796,0.150961467,1,77.5247487,68.93233335,-2.680523363,11.56648989,1.038333333,11.102414,1.776,0,1,O=C1C=CC(=O)C(I)=C1I,4.203425667
3.25,160.7037698,0.02397835,-0.02875007,0,-43.94343681,-29.75845014,-164.8496715,-115.2520991,-61.16938847,-170.58838,0.417103704,-0.819828395,0.125496296,0.076381975,-1.081695339,-2.16004299,3.737467565,57.4338686,-0.388390659,-0.762476637,-0.464285714,-0.311862975,1.824216959,0.721108963,0.497696814,0.554629596,0.979377054,0.972993364,0.553873559,1.191770173,1.238708041,0.415138248,-0.353920562,2.345487141,0.459250965,0.307129227,0.84438137,0.78605091,0.104114499,0.222222222,60.5008444,29.14152224,-0.981867477,10.19353562,-0.724537037,5.197621,0.4315,0,0,NC(=O)C(Cl)Br,4.76700389
4.6,146.3802361,-0.018434019,0.003527231,0,-16.60438957,-0.945374657,-1489.006887,-6625.349552,-91.0222514,90.3441326,0.171135,-0.304965,0.068445,-1.517191255,-4.637523749,-1.848541821,0.239215535,55.15435183,-0.485779924,-0.723155233,-0.263157895,-0.364307376,1.811010352,0.888041959,1.182169084,0.594041279,0.774172508,1.192329667,0.694186545,0.968450008,1.334794677,0.364639861,-0.315633671,2.242199529,0.736158703,0.359616001,1.870304424,0.755284758,0.200019525,0.2,100.9131995,45.84260771,-3.99991966,4.983978521,2.962962963,6.716414,3.3022,0,0,Brc1cc(Br)c(Br)[nH]1,4.217527376
2.5,166.3293174,-0.049525138,-0.002729666,0,-40.37661942,-30.77482072,-279.149521,-77.576824,-144.9828584,75.4265915,0.536703704,-1.349961728,0.380296296,-1.145445356,-0.260094788,0.268966561,3.726123878,48.25587505,-0.48665633,-0.795190198,-0.5,-0.433511883,1.801195122,0.602260375,0.473332694,0.557998784,1.110153905,0.899068621,0.531327056,1.577524887,1.408593024,0.390360645,-0.356820394,2.358737166,0.485839224,0.305552905,0.094491118,0.463633442,0.198458334,0.444444444,32.48857741,17.42623334,-0.399594282,11.78718317,0,4.820828,-0.2895,0,0,NC(=O)CCl,3.829738285
2,184.2118627,0.015730423,-0.015361062,0,-32.33057851,-6,118.8475167,-333.4141668,223.2307041,139.3862644,0.076722314,-1.068879339,-0.938578512,0.930169112,-1.661218239,-2.498997374,2.909090909,37.83071161,0.119049907,-0.285639762,-0.52173913,0.109312895,1.475198676,1.834911808,0.322265625,0.831363019,0.721893631,0.315400756,0.770907291,2.298705198,0.718066945,0.24108606,-0.357495671,2.460236728,0.680865702,0.132088028,0.081649658,0.397592963,0.244480625,1.591797728,19.6935654,15.14679479,0.191214804,19.10425649,0,7.457242,0.2294,2,0,CN(C)N=O,2.621602099
4.333333333,143.606308,0.00574893,-0.137835742,0.082794059,-29.7037037,-22.4249257,-0.105868167,-175.4748747,-125.499433,-51.70583224,-0.085204167,-0.96241875,-0.919816667,-0.747520219,-0.699381243,-3.83236511,4.281676023,41.39806399,-0.4179628,-0.376190841,-0.313131313,-0.32595997,1.0773986,0.756715507,0.643448376,0.458436116,0.611248155,0.493698565,0.658264753,0.906528292,1.208704389,0.41278133,-0.380368559,2.216002543,0.427634123,0.290516008,0.451299231,0.504629127,0.251279339,0.729573959,42.58367832,21.509775,-1.198560464,11.56648989,0,5.255621,0.8171,0,1,O=C1C=CC(=O)C(Cl)=C1,4.419075024
4.428571429,150.3293604,0.120390742,-0.04897418,0,-49.91838134,-37.84710553,2197.097329,-2057.222374,122.8571114,-249.2164367,0.277103125,-0.4087625,0.080554688,3.755487216,-4.668380854,-2.113211621,5.304963605,43.38197372,-0.196109698,-0.697808617,-0.392405063,-0.197579898,1.684745565,0.80971678,0.478776715,0.729455907,0.706651656,1.281976958,0.534266788,0.922240859,1.003886291,0.485601814,-0.325679171,2.333435629,0.53653629,0.388391332,2.008472531,1.166702656,0.052586026,0.25,74.632375,52.25,-1.627741303,13.76854102,-1.486111111,5.141207,1.7534,0,1,O=C(O)C(Cl)(Br)Br,2.910872371
4.153846154,143.3362234,0.173177542,-0.077993551,-0.021540225,-18.07334356,0.010073872,-7.746926142,-106.3805885,-88.24543154,-286.9441312,-0.019379882,0.584459172,-0.838636095,-0.319468782,-1.857737251,-6.846170561,1.598432192,49.60436549,-0.35553371,-0.545668959,-0.327793167,-0.295156622,1.351201251,0.763685178,0.674684461,0.492574581,0.609044978,0.939260485,0.619961514,0.819078942,1.231076719,0.400275408,-0.284518191,2.192930976,0.628220975,0.364936421,0.690353526,0.461063453,0.286273045,0.519606731,46.39867503,23.34123515,-2.590197482,5.106527395,0,5.032828,2.699,0,0,Oc1c(Cl)cccc1Cl,2.363567487
4,158.8091371,0.117171193,-0.062056164,0,-45.8063134,-27.76689651,1879.497334,-517.238713,241.6189123,-463.3176824,0.48127037,-0.274139506,-0.28097037,3.36659464,-2.185696045,-3.169107508,3.67705799,49.31300492,-0.283356192,-0.74613952,-0.380434783,-0.238292558,1.898916405,0.833370062,0.516112592,0.620662672,0.677103096,1.118766865,0.474556515,1.128947156,1.147720156,0.439131374,-0.350171705,2.333863084,0.44027887,0.317939804,1.663583458,0.951927089,0.107095957,0.444444444,64.75440736,39.19666113,-1.608893112,9.149801867,-1.604166667,4.704414,0.998,2,0,NC(=O)C(Cl)(Cl)Br,3.835647144
5.416666667,142.0278317,-0.033294917,-0.079757152,0.083490589,-23.28395062,-22.90648339,-188.6643375,-320.9578828,-18.60942303,-43.8544832,-0.301504167,-0.65686875,-0.506116667,-0.060924232,-0.982950938,-3.300046305,4.203046411,22.27450415,-0.343162127,-0.200740813,-0.318066158,-0.317351569,1.000269864,0.974165448,0.680869238,0.579806682,0.773075576,0.610718011,0.814290681,0.894691741,1.192922321,0.44316389,-0.375681016,2.208784214,0.355307347,0.267556233,1.258518226,0.712629646,0.217580446,0.729573959,63.16435054,31.06967501,-2.900981773,11.56648989,0,4.269207,1.9501,0,1,O=C1C=C(Cl)C(=O)C(Cl)=C1Cl,3.689519109
4.538461538,133.6406037,0.097061237,-0.10227336,0.059588815,-24.58792899,-1.659512889,-4394.305611,-21772.7759,7.986150703,449.8105405,-0.006788757,-0.298201775,-0.216513609,-2.677557659,-31.06402777,-17.16020944,1.652317721,86.13210464,-0.039407,-0.56691651,-0.269835035,-0.025344549,1.36143461,0.650636331,0.656084288,0.572486477,0.7801935,0.97587123,0.631838856,0.421437226,0.662101345,0.390809586,-0.292702471,2.123931283,0.729208168,0.422776071,1.829852095,0.818312699,0.207390305,0.673452885,134.2977815,58.63773707,-4.221948483,5.106527395,2.978703704,14.049621,3.206,1,2,Oc1c(I)cc(I)cc1I,5.920818754
4.916666667,136.5203852,0.008014891,-0.121474427,0.078207686,-29.76246914,-23.73404267,-1939.627382,5421.882629,-13.31476145,-375.4028519,-0.028016667,-1.131975,-1.118066667,-0.545288686,7.448112549,2.001223924,4.374365871,64.78626888,-0.139885428,-0.325173233,-0.333333333,-0.091602951,1.055673712,0.836214776,0.651188094,0.536330123,0.715106831,0.469537555,0.626050074,0.584287391,0.779049855,0.417235877,-0.379625746,2.124758624,0.4283755,0.286009677,2.974586914,0.958672796,0.150961467,1,77.5247487,68.93233335,-2.680523363,11.56648989,1.038333333,11.102414,1.776,0,1,O=C1C=CC(=O)C(I)=C1I,3.896196279
4.538461538,133.6406037,0.097061237,-0.10227336,0.059588815,-24.58792899,-1.659512889,-4394.305611,-21772.7759,7.986150703,449.8105405,-0.006788757,-0.298201775,-0.216513609,-2.677557659,-31.06402777,-17.16020944,1.652317721,86.13210464,-0.039407,-0.56691651,-0.269835035,-0.025344549,1.36143461,0.650636331,0.656084288,0.572486477,0.7801935,0.97587123,0.631838856,0.421437226,0.662101345,0.390809586,-0.292702471,2.123931283,0.729208168,0.422776071,1.829852095,0.818312699,0.207390305,0.673452885,134.2977815,58.63773707,-4.221948483,5.106527395,2.978703704,14.049621,3.206,0,1,Oc1c(I)cc(I)cc1I,3.638272164
3.6,152.6212903,-0.20862399,-0.075100879,0.265765778,-65.92393261,-53.91345265,4458.163567,-4762.166476,431.5487914,-765.3264879,1.416025,-2.938275,-0.2574,5.284406346,-2.768081257,-0.883323911,4.604659302,59.48401045,-0.010910636,-0.621323267,-0.262857143,-0.009062283,1.519130374,0.550868603,0.465104765,0.527213747,0.609992439,0.755317926,0.42690583,1.158276403,1.046493994,0.43682035,-0.386210304,2.292130177,0.414365835,0.263193514,3.870163151,1.16451592,0.096929651,0.547180469,58.06344209,42.10845859,-1.746996729,20.09260415,-1.091435185,10.515242,1.5362,0,0,CC(=O)C(Br)(Br)CC(=O)O,4.785156152
2,171.7029506,0,0,0,0,0,-949.9238656,0,-29.80404632,0,-0.009,0,0,-0.9324,0,0,4.296201036,19.93781979,-1.443112876,-0.538903178,0.5,-0.704944775,1.038903178,0.922193643,1.889735653,0.772697059,1.454605881,1.167582418,0.664835165,0.897527612,1.204944775,0.357887943,-0.379436431,2.338676089,1,0.768597221,0,0.312933702,0.247359707,0,55.96079933,25.35940001,-0.748751038,0,0,1.95,0.86238,0,0,N#CBr,4.679853714
4.4,158.0278317,0.039258368,0,0,-13.03703704,-10.57515289,98.47047736,-343.5236814,9.324287648,0,-0.1205,0.0651,0,0.3163,-0.7665,1.732217618,2.927442939,5.872108113,-0.518774447,-0.390297519,-0.103896104,-0.403481144,1.68546612,0.819496455,0.540042872,1.058231252,0.755879466,1.324390244,0.945993031,1.261439331,0.901028093,0.421934413,-0.389307937,2.300260867,0.488238715,0.699172138,0.431241681,0.637613171,0.175667952,0.79248125,34.11042316,33.68571459,-1.839355194,3.792535936,-1.736111111,2.1,1.88018,2,0,N#CC(Cl)(Cl)Cl,2.995678626
4.833333333,142.8170699,-0.036202828,-0.084762244,0.072189731,-26.07407407,-22.89586191,-44.95796267,-618.91993,-60.19057491,142.0414921,-0.176816667,-0.933675,-0.448366667,-0.308814083,-1.556727161,-3.690557283,4.242362275,33.81359292,-0.379641341,-0.292573534,-0.264367816,-0.320492823,1.03808181,0.841020415,0.659935158,0.490459569,0.653946093,0.537623318,0.716831091,0.899010964,1.198681286,0.428142309,-0.378942168,2.212526592,0.393720101,0.292683559,0.703651916,0.608304353,0.232173948,0.833333333,42.79351443,34.21453751,-2.056381169,11.56648989,0,4.762414,1.3836,0,0,O=C1C=C(Cl)C(=O)C(Cl)=C1,4.950781977
3,157.2663324,0,0,0,0,0,-1868.919234,0,-149.4042351,0,-0.120636,0,0,-1.818293072,0,0,0.021645328,59.78668725,-0.130098256,-0.607512267,0.25,-0.176523263,1.715024533,0.523316978,0.879836637,0.899783161,1.066811226,0.599244505,1.26717033,1.220430211,0.853046526,0.310541187,-0.168446322,2.400959844,0.454980533,0.665034087,0,1.298588783,-0.133833211,0.4,64.76063672,48.15924151,-2.255064654,3.195623916,-0.069444444,4.273207,2.2986,1,2,ClC(Br)Br,3.795880017
3.615384615,144.0839227,-0.018187257,-0.090352744,0.100782865,-17.59821755,-3.6952072,-8.174699858,-445.3289979,-167.4352288,-102.8947134,0.002726036,-0.615113018,-0.453702367,-0.781510422,-1.395212055,-6.987380533,1.633536524,52.55788523,-0.392028841,-0.580356588,-0.360411899,-0.304939354,1.350016591,0.49921847,0.587725691,0.528859625,0.63045046,0.936580882,0.614223385,0.837923074,1.249915042,0.367759619,-0.288701842,2.196211613,0.715933289,0.413088116,0.304284187,0.38431231,0.299185943,0.615384615,36.59393302,18.7868478,-1.793472685,5.106527395,0,5.526035,2.0456,0,0,Oc1ccc(Cl)cc1,2.412278996
4.428571429,158.7796986,0.16737774,-0.063517474,0,-44.55555556,-34.53026406,555.5666976,-149.6567795,57.52027148,-167.319617,0.214553125,-0.2332625,0.011929688,1.779540933,-2.361665899,0.36958362,5.111327678,31.08557835,-0.383104133,-0.681496384,-0.392405063,-0.45077338,1.702245057,0.858177804,0.49112705,0.77110713,0.510397495,1.328109113,0.559351932,1.460738394,1.303921402,0.500917476,-0.323723199,2.338960929,0.508783548,0.378448764,0.980174427,0.738224123,0.162340086,0.594360938,40.19824667,37.93759217,-1.140945903,14.86836862,-2.166666667,3.401207,1.4412,2,0,O=C(O)C(Cl)(Cl)Cl,1
3,173.9265975,-0.126455495,0,0,-59.93916744,-53.91042384,-1965.982853,-175.221999,-137.8576957,0,0.176122449,-1.788918367,0,-2.030598636,-0.566146238,-0.40880259,8.109294953,48.80484136,-0.350452015,0.262046873,-0.371794872,-0.302394522,0.696756555,0.837465128,0.438999567,0.547490901,1.287913202,0.249977017,0.751816896,1.456786423,1.094563369,0.547928397,-0.397443007,2.442167632,0.493197764,0.479630418,0.107142857,0.576539363,0.137452129,0.285714286,55.8334312,26.70001924,-1.116656164,10.37733548,0,4.552414,0.6155,1,2,O=[N+]([O-])CBr,5.096910013
3.666666667,145.1435761,-0.035701602,-0.09623274,0.299939454,-30.91940082,-8.183514064,-26.18187018,-1455.565468,32.83521391,-195.2429327,0.090785778,-0.732258667,-0.340790667,0.751757072,-4.442010618,-12.00092424,1.801606939,68.34144445,-0.192278654,-0.605319084,-0.303977273,-0.110754624,1.524145994,0.540742739,0.585121367,0.480250209,0.637245,1.180047368,0.597814385,0.628705265,1.014920357,0.381856264,-0.289091755,2.143458677,0.496792956,0.287334894,0.89980034,0.514336749,0.268067502,0.450325833,61.07980369,28.90478311,-1.966468766,5.106527395,0.784814815,9.129242,1.579,0,1,Nc1ccc(O)c(I)c1,4.148130399
4.538461538,135.2556152,0.095111768,-0.104556634,0.064243933,-24.62601959,-1.729793981,-3216.994606,-15946.29612,5.93093596,281.3542252,0.003152663,-0.548807101,-0.415185207,-1.354513321,-21.3484286,-13.86466079,1.647981046,76.60840559,-0.071814637,-0.566822019,-0.269835035,-0.051110156,1.360818726,0.648249584,0.655562305,0.562568698,0.765817164,0.958066413,0.614398311,0.457556596,0.720629595,0.391288628,-0.292053752,2.131670551,0.724208331,0.41987737,1.734601803,0.79451028,0.212191941,0.307692308,120.9192687,53.51405131,-4.171173597,5.106527395,2.742453704,11.749621,3.3639,0,1,Oc1c(I)cc(Br)cc1I,3.574791949
4.833333333,136.5203852,-0.015330278,-0.112348271,0.077968394,-29.47555556,-23.75125472,-1939.627382,-10428.03853,-13.31476145,350.3473759,-0.028016667,-1.132075,-1.117966667,-0.545288686,-14.48431526,-7.903536912,4.374365871,64.78626888,-0.139885428,-0.335323335,-0.264367816,-0.091602951,1.056428627,0.789710632,0.64970138,0.536330123,0.715106831,0.469537555,0.626050074,0.584287391,0.779049855,0.416259223,-0.380176233,2.139463399,0.441098315,0.311881993,1.416473739,0.934341973,0.149556432,0.833333333,82.19308204,65.23408752,-2.680523363,11.56648989,0.989814815,11.102414,1.776,0,1,O=C1C=C(I)C(=O)C(I)=C1,3.677780705
3.571428571,152.5301345,0.019432067,-0.017958838,0,-51.0521262,-40.21352023,-325.0838735,-1083.762296,-147.8002363,-91.05989526,0.46945,-1.0868,0.280875,0.137423891,-2.619426887,-1.302302219,5.396621013,59.7879818,-0.333264547,-0.728942858,-0.466666667,-0.300020189,1.637664726,0.697951047,0.458127428,0.628061671,1.005224242,1.05082551,0.543563181,0.96765182,1.143543253,0.463693857,-0.329232611,2.345557661,0.55962926,0.382263813,1.159543315,1.004749976,0.023573921,0.25,61.7155,46.25,-1.013976629,14.81227478,-0.606481481,5.634414,1.1869,2,0,O=C(O)C(Br)Br,2.754487332
3.636363636,151.1720466,-0.112986097,-0.452883045,0.73210393,-40.84003963,-44.18534713,-240.8816644,-1040.403129,-46.37018425,-130.9088516,1.058305556,-1.935022222,-1.014933333,0.552446592,-2.160548326,-4.970657736,5.998649096,43.53926087,-0.166044608,-0.778767978,-0.311081442,-0.134062432,1.681562163,0.510465593,0.509453488,0.543838806,0.795897937,1.107662426,0.517401864,0.942288601,1.181957164,0.483598357,-0.328856652,2.241718268,0.320675089,0.229793133,0.526584101,0.640475611,0.214417202,0.5,58.24608074,28.08220626,0.426276761,22.15166537,-0.365740741,6.125621,0.4344,0,0,O=C(O)C=C(Br)C(=O)O,2.68613278
2.333333333,159.6820449,-0.001634794,0,0,-12.70787492,-12.1962641,-1825.871357,-529.6411726,-225.7115543,0,-0.348310204,-0.304873469,0,-1.751691658,-0.513969056,1.815202925,4.154142521,65.23299336,-0.433396981,-0.151819081,-0.377777778,-0.370337602,0.794681415,0.975565464,0.795338891,0.52261422,1.233574977,0.506297943,0.91547536,1.359025991,1.165227204,0.358460301,-0.376897547,2.364818461,0.781227487,0.335819275,0,0.578521267,0.073469923,0.285714286,49.0207829,23.49161362,-1.039799296,11.61625017,0,5.257621,0.5802,0,0,O=CCBr,4.762456262
5,173.5594133,0.00208883,0,0,-48.55555556,-46.88152277,317.209145,-537.3085019,5.398352664,0,-0.195595918,-0.526530612,0,0.706600327,-2.820465306,-0.481930499,7.702953678,12.36596412,-0.243866706,-0.024844736,-0.328282828,-0.283440018,1.419188466,0.995516359,0.49414625,1.087793886,0.616480653,0.607191385,0.861109224,1.755116368,1.022771263,0.541732196,-0.385061333,2.40006835,0.49618024,0.854828579,0.889356401,0.706834216,0.181624777,0.679269643,41.84056267,38.34847617,-1.774927193,8.839781767,-2.361111111,2.696,1.5908,0,0,O=[N+]([O-])C(Cl)(Cl)Cl,3.27083521
4.066666667,143.2092435,0.029917009,0.068764421,-0.054863504,-9.37035208,0.419342707,-74.63979937,-348.0207929,-63.32523214,-337.1765623,-0.334270222,0.307152,-0.315749333,0.203978638,-2.743174881,-12.74698189,3.128244932,52.96095325,-0.094115481,-0.456447222,-0.25974026,-0.072088084,1.229628196,0.73146066,0.742977272,0.478531585,0.63786863,0.775721408,0.711433339,0.793345973,0.991509567,0.411060721,-0.371059524,2.189232745,0.504634543,0.292389833,0.799854255,0.486739381,0.288496843,0.3169925,52.35728271,25.52501856,-2.174018946,11.39268792,0.538981481,7.264035,1.9672,1,2,O=Cc1cccc(Br)c1O,5.568636236
2.714285714,163.5121797,-0.036755727,-0.000841708,0,-46.50617284,-39.48870218,-376.5888114,-30.3841335,-169.0117262,61.5538276,0.694928125,-1.6318625,0.385992187,-1.206473089,-0.152696912,1.164070199,5.280511141,46.40966686,-0.471264082,-0.746131381,-0.483870968,-0.479432854,1.613945652,0.632592609,0.440567531,0.55507064,1.229683009,0.93696685,0.522983816,1.587495626,1.389975074,0.45109153,-0.331000189,2.362149032,0.568067073,0.375991725,0.073192505,0.448210245,0.203268316,0.25,35.184375,18.25,-0.185436005,16.95583613,0,4.387621,0.3098,0,0,O=C(O)CCl,3.065501549
4.833333333,138.2251195,-0.016864559,-0.110196147,0.077500285,-29.1699177,-23.69351905,-1186.614424,-6709.771921,-23.73923991,272.2935807,-0.0759375,-0.97671875,-0.93335,-0.072334703,-8.052246231,-5.825285988,4.365383544,54.12009831,-0.193219887,-0.331656069,-0.264367816,-0.144402399,1.054859772,0.794163789,0.65030372,0.527568393,0.703424524,0.490413973,0.653885298,0.656886631,0.875848842,0.417203181,-0.38006003,2.146437404,0.436812882,0.310144077,1.271144176,0.898843994,0.157591106,0.333333333,93.47431224,42.42205626,-2.611935125,11.56648989,0.792939815,8.802414,1.7359,0,1,O=C1C=C(Br)C(=O)C(I)=C1,3.49757288
2.375,170.7316063,-0.023006169,0.002358568,-0.010318731,-27.46712803,0.121107266,47.89435727,68.0500754,-91.77118347,-462.7283091,0.532468512,-0.677612457,-1.745302422,-0.684990017,0.773400232,5.261831492,2.060553633,42.16863621,-0.378097618,-0.414341056,-0.244300912,-0.315950669,1.632665796,1.434581977,0.318100036,0.982901629,0.87582375,0.346068721,0.616972396,1.891080834,1.430843838,0.250499189,-0.351693611,2.374624162,0.546928029,0.109456388,0.240824829,0.629010452,0.171158998,1.618222059,20.33760818,19.15363627,-0.67691071,18.09842534,0,11.47007,1.0096,2,0,CCN(CC)N=O,1.432973634
3,141.6539161,0,0,0,0,0,-3227.97374,0,-208.2222245,0,-0.142956,0,0,-5.040591605,0,0,0.01450652,84.53241235,-0.399037665,-0.595592203,0.25,-0.373324905,1.691184407,0.539210395,0.056110567,1.019790457,0.986806362,0.504217791,1.330521472,0.630025286,1.246649809,0.290222206,-0.163891463,2.168459236,0.346758611,0.646565979,0,1.806384783,-0.300025878,0.4,107.229166,64.8771238,-2.572038111,1.743172874,0.428333333,7.443207,2.4948,2,0,BrC(Br)I,1
3,164.6469739,0,0,0,0,0,-1407.157755,0,-129.7494652,0,-0.1323,0,0,-1.442367847,0,0,0.023379058,52.35303,-0.038981524,-0.626988985,0.25,-0.05340908,1.753977969,0.497348021,1.14335463,0.792942367,1.138038422,0.622699387,1.251533742,1.589772759,0.606818161,0.328237152,-0.169757874,2.406943367,0.388059921,0.677106068,0,0.965556319,-0.015086462,0.4,61.89863157,37.48241809,-2.003197445,3.745537714,-0.409722222,3.403207,2.1425,0,1,ClC(Cl)Br,1.765882776
2.714285714,159.0748742,-0.060076107,0.006270674,0,-49.48525377,-41.17702975,-1834.088217,28.395168,-218.3183673,43.37626805,0.7877125,-1.74695,0.40321875,-1.912429423,-0.553196845,0.45301352,5.374687875,57.1120346,-0.497093576,-0.769646382,-0.483870968,-0.443598782,1.62976672,0.587583647,0.433080645,0.534900257,1.279365162,0.933742244,0.484406723,1.247026537,1.335034536,0.443180871,-0.331973825,2.359580276,0.591612336,0.386046845,0.126773138,0.640101792,0.090127784,0.25,51.8535,25,-0.482338383,16.40592233,0,5.257621,0.4659,0,1,O=C(O)CBr,4.609064893
3.166666667,152.4101119,0.014393549,0,0,-11.74457602,-11.86920859,-443.057945,-3021.708193,-124.3792064,0,-0.48804898,-0.088432653,0,0.033711115,-3.320045205,-0.10397251,4.166138266,67.58388051,-0.262464514,-0.14840553,-0.282051282,-0.240557676,0.917913668,1.053089354,0.811300221,0.632165664,0.985056356,0.54669561,1.004132497,1.119843283,1.02459,0.385148797,-0.374147428,2.349841836,0.688208961,0.328580158,0.524890659,0.971140872,-0.005173489,0.285714286,58.12036489,44.97021391,-1.586686276,10.02260262,-0.171296296,5.634414,1.3012,0,0,O=CC(Br)Br,5.327902142
3.375,145.2480292,-0.189846116,0.09737221,-0.02348383,-11.43446155,-17.85945745,4797.336672,-4617.704639,88.89587421,-29.34604941,0.7054,-1.125,-0.325,5.513496019,-2.21452669,0.556212058,4.763771117,70.40166886,-0.075932822,-0.821967759,-0.1,-0.049744358,1.687715722,0.44946999,0.421331376,0.6095193,0.547307269,0.925278407,0.508229521,0.638593137,0.883266926,0.457015299,-0.327534152,2.15099254,0.594384869,0.409595729,0.745088449,0.952118572,0.110701927,0,97.51217625,43.67452224,-1.144503794,11.07583268,0.595,7.934414,1.7423,2,0,O=C(O)C=C(Br)I,1
3.571428571,161.1260429,0.065286916,-0.032050064,0,-45.35802469,-36.85398567,-244.144253,58.260964,-135.8267359,-30.63817009,0.3431125,-0.88295,0.22996875,-0.357471041,-0.970956977,0.81656754,5.207590306,43.19656752,-0.438375749,-0.698447898,-0.466666667,-0.475132307,1.631987234,0.765476102,0.472339172,0.596352512,1.058962317,1.070447425,0.598206014,1.518416935,1.35984327,0.480218625,-0.327301447,2.350960713,0.524598427,0.368369002,0.437030743,0.580454077,0.180066199,0.25,39.49,28.25,-0.495767231,15.91210237,0,3.894414,0.8747,1,2,O=C(O)C(Cl)Cl,1.539102157
3.75,144.7693826,-0.018939241,-0.01604154,0.038228404,-19.00655864,-5.244361807,15.15182979,-106.6106681,-157.750619,-332.2237735,0.002039063,-0.276890625,-0.166359375,-0.549892966,-0.278167379,-2.84809911,1.403815515,52.30737484,-0.243235583,-0.15391417,-0.225806452,-0.16319066,0.850996458,0.740984085,0.460472011,0.509751114,0.651465813,0.494455277,0.527321472,0.912699113,1.033428833,0.349172311,-0.40832547,2.190467162,0.381036672,0.128912102,0.589319428,0.442301725,0.30033021,0.75,37.773,19.75,-2.880796151,0,0,7.099242,2.40608,0,0,N#CCc1ccccc1Cl,3.876148359
3.692307692,141.1012826,0.063741777,-0.043213791,-0.010836959,-18.72065454,-2.982079561,-223.0051949,-1294.70487,-117.3581836,-428.7044301,-0.007619527,-0.303632544,-0.208021302,-0.031124548,-3.489397367,-7.201300517,1.664324502,72.0606549,-0.256790073,-0.559190869,-0.360411899,-0.166374207,1.350737622,0.63026437,0.641005231,0.47580106,0.643418991,0.973363286,0.632857196,0.645942166,0.96994951,0.371843184,-0.291407451,2.143835031,0.693567735,0.40114321,0.824439562,0.47916389,0.273766105,0.769230769,62.62538784,29.03421933,-2.1740627,5.106527395,0.893611111,8.696035,1.9968,0,0,Oc1ccccc1I,3.221125528
2.454545455,185.0426217,0.007028093,-0.121558871,0,-30,1.308641975,261.3090868,-276.0914336,255.5502031,56.64811776,1.398283333,-1.253055556,-2.863141667,0.918540399,-1.80993173,-3.410412223,5.441358025,35.75468877,0.116875719,-0.569748504,-0.466666667,0.116409587,1.341578032,0.419500652,0.319247495,0.710033229,0.601935968,0.256499095,0.558914899,2.32051246,0.719415757,0.317237047,-0.355711227,2.460203719,0.388483886,0.263326905,0.244809074,0.463695769,0.2342929,1.459147917,23.60706157,17.13233125,0.099552265,24.13657033,0,7.755242,-0.2603,2,0,CN(C)[N+](=O)[O-],1
4.833333333,142.8170699,-0.008413144,-0.131896459,0.094111418,-26.62962963,-22.55429813,-44.95796267,-618.91993,-60.19057491,-142.6909826,-0.176816667,-0.933675,-0.845266667,-0.308814083,-1.556727161,-3.690557283,4.242362275,33.81359292,-0.379641341,-0.301702111,-0.333333333,-0.320492823,1.04413896,0.839064743,0.661268952,0.490459569,0.653946093,0.537623318,0.716831091,0.899010964,1.198681286,0.426386769,-0.377627738,2.212538799,0.391458537,0.269508492,0.746873843,0.60464925,0.232173948,1,38.1251811,37.91278334,-2.056381169,11.56648989,0,4.762414,1.3836,1,2,O=C1C=C(Cl)C(=O)C=C1Cl,5.468521083
4.4,141.3823693,0.166407941,-0.143002078,-0.048410702,-24.77029721,-2.754316415,-470.829914,-2651.52069,20.50236821,214.7571615,-0.383854222,0.163968,-1.142010667,0.75305681,-5.329234393,-14.34419158,3.131898339,53.40405122,-0.014074729,-0.480477988,-0.272450111,-0.011570706,1.2472475,0.720139276,0.727158341,0.506122986,0.681727634,0.803796042,0.734327803,0.71950387,0.884195737,0.404438995,-0.372215464,2.186227143,0.524410072,0.304136527,1.24012898,0.61831588,0.260646012,0.266666667,72.9064854,34.38063724,-3.169862185,11.39268792,1.01662037,7.640828,2.7297,0,0,O=Cc1cc(Br)c(O)c(Br)c1,3.886056648
4.538461538,142.588524,0.115814225,-0.121647508,0.083303748,-19.61604208,-0.297992711,-105.5884962,-1207.188076,-32.64293989,37.46351216,-0.074365089,0.00981716,-0.573178698,-0.047114336,-3.515301754,-6.816789878,1.563326055,43.28123066,-0.320773537,-0.547527333,-0.269835035,-0.286708619,1.345209438,0.696999797,0.65134578,0.518703888,0.655111756,0.980131841,0.651043675,0.800873268,1.214611848,0.408122802,-0.282563154,2.190069423,0.63803248,0.370636864,0.854016943,0.526755508,0.272946897,0.673452885,56.20341704,27.89562249,-3.371932387,5.106527395,0,4.539621,3.3524,0,0,Oc1c(Cl)cc(Cl)cc1Cl,3.612610174
4.538461538,138.4856381,0.100949444,-0.105922901,0.063468398,-23.67623639,-1.472738147,-1411.365825,-7976.905185,-7.105920039,172.2353063,-0.046773964,0.038771598,-0.584063905,-0.023099201,-7.985691345,-9.13157458,1.639251102,56.28580369,-0.1609132,-0.564527533,-0.269835035,-0.154773084,1.359622762,0.658146587,0.655321516,0.556883381,0.753307649,1.009555408,0.634631369,0.594598752,0.941375629,0.393589391,-0.290858904,2.188543466,0.712625928,0.413294584,1.43194706,0.746640228,0.221795213,0.673452885,94.16224302,43.26667978,-4.048657038,5.106527395,2.269953704,7.149621,3.6797,0,0,Oc1c(Br)cc(Br)cc1Br,4.000434512
3.4,155.144723,0.014133143,0,0,-15.49702789,-12.17993716,-1429.682343,-459.2206848,-131.171245,0,-0.1478,-0.0645,0,-1.283116785,-0.45364449,1.299776832,3.123216788,44.00789648,-0.588008155,-0.184420003,-0.183673469,-0.388726115,1.179661089,0.90849052,0.526444611,0.635950681,1.261239088,0.626778784,0.98410645,1.069093114,0.95701451,0.384808275,-0.398135894,2.305584821,0.569187038,0.506830667,0.287494454,0.661084449,0.116036282,0,66.51711672,31.01955001,-1.467204058,4.286355892,-0.525462963,3.463207,1.46978,0,1,N#CC(Cl)Br,4.344861565
4.5,140.5798802,-0.155186209,0.263193733,-0.148726652,-10.53336334,-7.43917113,-990.241127,-6456.959457,21.0084768,143.7389358,0.826708984,-0.179826172,0.087091406,0.863442918,-8.78262363,-14.81968117,3.846430337,59.90726503,0.04749793,-0.637303406,-0.163879599,0.032809323,1.484606608,0.561366363,0.487021248,0.513832114,0.701627452,0.948985834,0.475138445,0.578217839,0.801862985,0.471254354,-0.326658893,2.142587709,0.366097305,0.245377151,1.250468326,0.679078119,0.248061925,0.25,85.7285,39.5,-2.660854913,16.18236008,1.154143519,9.940828,2.4575,0,1,O=C(O)c1cc(I)cc(Br)c1O,3.159454812
4.25,148.0148963,0.170616077,-0.161824779,0.06347497,-19.97206981,-0.609494075,-439.8957286,-1745.979291,-134.7368539,-71.8694374,0.071311806,0.133788194,-0.765424306,-1.730885482,-0.237856915,1.240833215,1.834945607,53.67406079,-0.611459148,-0.594197889,-0.251336898,-0.418612232,1.421755892,0.760724898,0.73389728,0.51649536,0.696485575,1.04134655,0.694179355,1.007796256,1.389878697,0.400737951,-0.352327416,2.222826578,0.609601334,0.353905098,0.800826547,0.568905908,0.257945966,0.166666667,75.55099347,35.25213126,-2.856171615,10.09050592,1.156527778,6.909621,2.3122,1,2,Oc1ccc(Br)nc1Br,4.860120914
4,143.2092435,-0.055579431,0.040471552,0.033110111,-7.316031093,-0.172838363,-74.63979937,-1530.750729,-63.32523214,-135.7457121,-0.334270222,-0.394848,-0.127109333,0.203978638,-3.06540115,-12.71199039,3.128244932,52.96095325,-0.094115481,-0.469325169,-0.25974026,-0.072088084,1.227780685,0.633486054,0.72008148,0.478531585,0.63786863,0.775721408,0.711433339,0.793345973,0.991509567,0.407442616,-0.371054601,2.189366331,0.532751268,0.307890297,0.625516733,0.480337051,0.286943691,0.3169925,52.35728271,25.52501856,-2.174018946,11.39268792,0.78462963,7.264035,1.9672,0,1,O=Cc1cc(Br)ccc1O,3.235002401
4,159.3540721,0.042929904,0,0,-6.861678005,-9.133538395,559.501359,-1084.06357,87.00906048,0,-0.503753061,0.057697959,0,1.713781959,-2.973164266,1.72879231,3.9443243,33.82556665,-0.306887334,-0.258843675,-0.222222222,-0.357993049,1.297147612,1.064456984,0.850038864,0.736026166,0.55245634,0.702250453,1.026649483,1.64737467,1.098271135,0.430629126,-0.36872648,2.342935007,0.568538886,0.466807902,0.454568645,0.684126676,0.161057406,0.679269643,35.02791438,35.14007055,-1.704362472,10.07869646,-1.722222222,3.401207,1.5555,2,0,O=CC(Cl)(Cl)Cl,1
6,135.4641615,0.0099912,-0.002703028,0.029416954,8.481481481,10.32098765,-3256.128513,-266.781248,-6.030730616,-93.00960682,-0.365066667,0.01,-0.385066667,-0.596610667,1.386196,0.084731641,4.387764822,16.50672291,-0.111152709,-0.128507126,-0.333333333,-0.159895114,0.983870044,1.183105777,0.677088716,0.707951745,0.943935661,0.681389975,0.908519967,0.678189115,0.904252154,0.456313362,-0.37560979,2.198332879,0.376429788,0.320187934,4.419458251,1.410596486,0.094692061,1.333333333,91.26640936,82.71880002,-4.574331926,11.56648989,1.558425926,7.256,3.141,0,1,O=C1C(=O)C(Br)=C(Br)C(Br)=C1Br,3.443938841
3.615384615,142.7162941,-0.016999389,-0.073231364,0.076725477,-16.72663371,-3.313124995,-26.0575708,-1417.044512,-146.1633155,-125.6668633,0.0032,-0.5636,-0.4112,-0.492686901,-1.800371148,-6.787399346,1.65969635,58.71553911,-0.326590596,-0.57840361,-0.360411899,-0.252740371,1.351625508,0.505110423,0.591530222,0.472662725,0.626892397,0.954657164,0.614847822,0.761970804,1.145452677,0.364369906,-0.291729061,2.195642803,0.74087708,0.427480116,0.46403077,0.45034204,0.27782671,0.615384615,49.24687502,23.91053356,-2.064274491,5.106527395,0.981759259,6.396035,2.1547,0,1,Oc1ccc(Br)cc1,3.096747183
3.230769231,144.831622,-0.014652458,-0.014055331,-0.004963212,-14.84023669,-3.848783695,-106.8718173,-158.753216,-270.2123317,-56.64469728,-0.008047337,-0.312899408,-0.202485207,-1.433239258,-1.309341453,-7.289893197,1.668639053,52.14178989,-0.430258931,-0.555613418,-0.345975232,-0.31592004,1.339216345,0.552667156,0.604952097,0.874806393,0.964752191,0.972136223,0.633371354,0.85748717,1.27089856,0.356797816,-0.291075289,2.199430664,0.698127964,0.402813115,0.086066297,0.314377961,0.320067997,1.258809844,26.78919101,14.23246045,-0.975155924,5.106527395,0,6.019242,1.3922,0,0,Oc1ccccc1,2.377478693
4.153846154,140.3535832,0.151496421,-0.07147435,-0.019225813,-20.3443524,-1.059614047,-483.5137997,-2553.098622,-52.23874876,-364.6534699,0.002631953,0.210991716,-0.636384024,0.033543562,-5.802780511,-7.592496257,1.629267038,67.09708338,-0.227215847,-0.551578826,-0.327793167,-0.15739236,1.354738735,0.734331354,0.674313642,0.49048462,0.663511521,0.938234623,0.61405684,0.627847372,0.951136803,0.392998557,-0.288089247,2.143294649,0.656340762,0.380902907,1.077121547,0.551508286,0.262013284,0.365760577,72.43012985,33.58860667,-2.938642891,5.106527395,0.77787037,8.202828,2.6502,0,1,Oc1c(Cl)cccc1I,3.290221398
4,149.9648074,0.03415,0,0,-9.252428543,-10.7545402,1921.96384,-4746.938901,154.4140406,0,-0.491391837,0.043738776,0,3.329692226,-6.064376606,-1.031105849,4.094946483,46.6363199,-0.118420501,-0.22012275,-0.222222222,-0.127609039,1.187396569,1.068299318,0.830989964,0.75090278,0.711705226,0.664780447,1.018611665,1.120203384,0.883452872,0.412595232,-0.370597084,2.337071964,0.6263417,0.434476021,0.979459304,1.138512466,0.032647699,0.285714286,71.93455636,51.38702516,-2.204644403,8.978868863,-1.041666667,5.141207,1.8677,2,0,O=CC(Cl)(Br)Br,3.841637508
4.833333333,142.8170699,-0.036202828,-0.084762244,0.072189731,-26.07407407,-22.89586191,-44.95796267,-618.91993,-60.19057491,142.0414921,-0.176816667,-0.933675,-0.448366667,-0.308814083,-1.556727161,-3.690557283,4.242362275,33.81359292,-0.379641341,-0.292573534,-0.264367816,-0.320492823,1.03808181,0.841020415,0.659935158,0.490459569,0.653946093,0.537623318,0.716831091,0.899010964,1.198681286,0.428142309,-0.378942168,2.212526592,0.393720101,0.292683559,0.703651916,0.608304353,0.232173948,0.833333333,42.79351443,34.21453751,-2.056381169,11.56648989,0,4.762414,1.3836,0,1,O=C1C=C(Cl)C(=O)C(Cl)=C1,3.356942316
6,141.2385935,-0.057228515,-0.058456386,0.094304678,-19.82716049,-23.14830056,-431.2249927,-467.840097,-0.755977387,-39.92880868,-0.459266667,-0.5289,-0.299266667,-0.003850667,-1.267848,-3.058757218,4.163728429,6.780797677,-0.308525159,-0.11085438,-0.333333333,-0.317223227,0.959685326,1.076347406,0.700840031,0.747519138,0.996692184,0.7358389,0.981118533,0.894515271,1.192687028,0.456259148,-0.373048756,2.205480505,0.323426679,0.246711968,1.774775975,0.815644089,0.205419195,1.666666667,37.14368665,60.66867503,-3.735494167,11.56648989,0,3.776,2.5166,0,1,O=C1C(Cl)=C(Cl)C(=O)C(Cl)=C1Cl,4.343901798
2.4,158.4495111,-0.006545878,0,0,-16.7741198,-13.25497971,-2041.701376,-131.3328447,-162.7735821,0,-0.027575,-0.248775,0,-1.972482571,0.010453448,1.815678886,3.197599928,61.62556067,-0.680014737,-0.090852642,-0.357142857,-0.411875325,0.808809645,0.778758387,0.499224103,0.54271096,1.3815441,0.506619832,0.737059482,1.108301896,1.021296548,0.342018226,-0.405415116,2.311564151,0.721349564,0.330826724,0,0.520640605,0.101238748,0.333333333,51.34127783,24.32130417,-1.173555642,5.330089647,0,3.956414,0.90488,0,1,N#CCBr,5.156793975
3.692307692,141.1012826,0.063741777,-0.043213791,-0.010836959,-18.72065454,-2.982079561,-223.0051949,-1294.70487,-117.3581836,-428.7044301,-0.007619527,-0.303632544,-0.208021302,-0.031124548,-3.489397367,-7.201300517,1.664324502,72.0606549,-0.256790073,-0.559190869,-0.360411899,-0.166374207,1.350737622,0.63026437,0.641005231,0.47580106,0.643418991,0.973363286,0.632857196,0.645942166,0.96994951,0.371843184,-0.291407451,2.143835031,0.693567735,0.40114321,0.824439562,0.47916389,0.273766105,0.769230769,62.62538784,29.03421933,-2.1740627,5.106527395,0.893611111,8.696035,1.9968,0,1,Oc1ccccc1I,3.094527938
4.25,151.6055828,-0.267228397,0.210881478,-0.057710091,-9.157407407,-11.02512717,70.54148963,-1233.880508,-175.1002182,276.6261566,0.176145833,-1.60649375,1.440433333,-1.3965484,-1.201366773,-1.680248281,2.453046146,42.93570434,-0.462887665,-0.605985715,-0.151515152,-0.326511887,1.536186687,0.664356677,0.588427857,0.485136279,0.587181716,0.771874296,0.64637993,1.202505167,1.366704667,0.435559048,-0.385996576,2.215873571,0.44575357,0.243898817,0.395368217,0.452991957,0.281820056,0.666666667,38.91129879,32.42205626,-2.851963468,4.983978521,0,5.467621,1.6817,1,2,O=c1cc(Cl)[nH]c(Cl)c1,4.476253533
4.333333333,147.7638196,-0.077173613,0.151248093,-0.017251883,6.240164609,-4.147182848,19.20009259,-456.359515,-116.5548189,-101.0717292,0.6868,-0.4662,-0.5599,-0.385094437,-2.179318037,-12.7411336,5.097183695,39.84049507,-0.336262907,-0.301739668,-0.180986696,-0.233226082,1.144958633,0.974579694,0.457633391,0.502324129,0.593140094,0.53097124,0.528821683,0.804241372,1.291300829,0.507562082,-0.386177762,2.194264797,0.435332925,0.270238794,0.518736151,0.449672018,0.301232699,0.3169925,45.20402649,22.92042483,-1.987294909,10.02983844,0,5.688828,1.9538,0,1,O=[N+]([O-])c1cc(Cl)ccc1O,3.444784595
3.25,156.4087742,0.019916211,-0.027300218,0,-44.37903978,-29.94859194,-1192.534706,-722.1104234,-67.08792425,-264.8968399,0.53547037,-1.339620988,0.376362963,-0.739148703,-2.938450243,-4.438066484,3.747312868,76.00601313,-0.379542093,-0.765382453,-0.464285714,-0.215322856,1.824834896,0.713887581,0.497081992,0.557712685,1.033130598,0.901241419,0.530095592,0.853004195,1.128782337,0.41327804,-0.354118654,2.167108688,0.462437329,0.308151179,1.067640952,0.833457012,0.088109045,0.222222222,77.05489718,35.48137224,-1.091924078,9.290998377,-0.567037037,7.497621,0.4716,0,0,NC(=O)C(Cl)I,5.224025669
2.714285714,153.8349288,-0.064491409,0.007617254,0,-50.0891358,-41.41863299,-4315.353612,-446.7588447,-304.0744835,11.91314662,1.262228125,-2.4657625,0.478992188,-5.373657017,-2.52336477,-0.815244162,5.389476318,79.45981456,-0.602597049,-0.773878053,-0.483870968,-0.363420026,1.632471042,0.579179325,0.432237214,0.544216335,1.259588664,0.870146946,0.36266429,0.855886909,1.266033733,0.441744497,-0.332164149,2.169336401,0.596310133,0.388041962,0.163663418,0.684895222,0.064719914,0.25,69.4785,31.75,-0.60967537,15.50338509,0.192222222,7.557621,0.506,1,2,O=C(O)CI,4.075720714
2.4,150.9638748,-0.007448637,0,0,-17.02979424,-13.35449607,-5095.028381,-627.9651519,-257.1603938,0,0.171911111,-0.455033333,0,-6.958997316,-0.845754518,0.618259659,3.212629246,88.1567342,-0.872181236,-0.09154488,-0.357142857,-0.379015664,0.800122754,0.756937054,0.498908809,0.562801791,1.349702037,0.514920154,0.367925,0.807780843,1.089393402,0.339788736,-0.405788695,2.16816827,0.738900477,0.325338418,0,0.564993081,0.06947891,0.333333333,71.59015076,32.07619168,-1.313345486,4.427552402,0.595,6.256414,0.94498,0,0,N#CCI,5.485452247
3,160.90677,0.023844537,-0.011265569,0,-39.58024691,-22.06292943,392.4728918,-3.26207808,79.91240314,-194.5831671,0.19516,-0.740928,-0.230436,0.355322658,0.064815795,-2.463635716,3.024057308,55.57286516,-0.229932818,-0.276846609,-0.416666667,-0.221513548,1.147089511,1.030210611,0.593028319,0.501473342,0.750327196,0.50679669,0.64978415,1.601942844,1.14483006,0.380797515,-0.384447285,2.320768371,0.602021516,0.334381501,0.789937868,0.668979998,0.154585943,0.67548875,34.60862836,26.32158594,-1.455588932,10.61951464,0,5.900828,1.3791,0,1,CC(=O)C(Cl)Cl,2.384512882
4.833333333,138.2251195,-0.016864559,-0.110196147,0.077500285,-29.1699177,-23.69351905,-1186.614424,-6709.771921,-23.73923991,272.2935807,-0.0759375,-0.97671875,-0.93335,-0.072334703,-8.052246231,-5.825285988,4.365383544,54.12009831,-0.193219887,-0.331656069,-0.264367816,-0.144402399,1.054859772,0.794163789,0.65030372,0.527568393,0.703424524,0.490413973,0.653885298,0.656886631,0.875848842,0.417203181,-0.38006003,2.146437404,0.436812882,0.310144077,1.271144176,0.898843994,0.157591106,0.333333333,93.47431224,42.42205626,-2.611935125,11.56648989,0.792939815,8.802414,1.7359,0,1,O=C1C=C(Br)C(=O)C(I)=C1,3.466227942
4.733333333,145.9369454,-0.023884797,0.090980073,0.000273599,5.760292638,-1.587814231,-222.8896535,-2467.962008,-32.84846771,46.11577552,0.561952,-0.319248,-0.819676,0.385110264,-3.792256596,-12.03812207,5.117419685,40.2684369,-0.230568076,-0.278713794,-0.160557185,-0.16200834,1.136271825,1.023394043,0.464029339,0.504900266,0.669474424,0.568738377,0.564620057,0.701943349,1.154347317,0.51484032,-0.38615856,2.190698242,0.427216307,0.266802701,0.922813252,0.573927174,0.275889712,0.133333333,65.75322918,31.77604351,-2.999949996,10.02983844,0.455555556,6.065621,2.7163,0,1,O=[N+]([O-])c1cc(Br)cc(Cl)c1O,3.455931956
3.4,161.3797521,0.018744557,0,0,-14.3127572,-11.50356589,-379.4467146,-73.10805875,-106.282783,0,-0.176675,-0.043575,0,-0.751573416,-0.140184505,2.193132018,3.027211511,35.49044854,-0.592451811,-0.20979446,-0.183673469,-0.421438739,1.240170743,0.926792772,0.529555389,0.621363905,1.304242312,0.6475284,1.042808895,1.305003207,0.965843092,0.398096351,-0.396272074,2.306895449,0.524592526,0.518015698,0.165985001,0.47289545,0.202126909,0.333333333,35.54875537,26.57945001,-1.183418094,4.83626969,0,2.593207,1.31368,0,0,N#CC(Cl)Cl,3.920818754
2.777777778,169.6079377,0.181462177,-0.140192518,0.023568109,-8.947368421,-9.131578947,-224.9770262,37.51702147,-247.3753855,-146.1185931,-1.1058,-0.3456,-0.5088,-0.974798296,0.557020907,3.962459606,3.620498615,39.15353685,-0.395897565,-0.465674967,-0.143442623,-0.363031675,1.410458071,1.079328681,0.771920428,0.912949044,1.063207649,0.773720266,0.948728076,1.861205048,1.636101862,0.310694197,-0.345988606,2.379728523,0.337050031,0.179545539,0.182246185,0.605736078,0.202194445,1.263157895,24.82156616,23.06389457,0.395146996,41.52524405,0,11.47007,-1.0456,0,0,O=NN(CCO)CCO,1
4.125,150.3947594,-0.208558597,0.036349841,0.30822838,0.984567901,-2.875535241,124.955351,-174.1122568,-21.57739465,-63.90505392,0.968721875,-0.519741797,-0.040307813,0.056897012,-2.077510244,-16.18481203,4.288331976,42.83400755,-0.332478313,-0.260329013,-0.154826958,-0.214568865,1.246485508,0.916398675,0.379431414,0.507185667,0.5646924,0.460240885,0.446434027,0.835323719,1.305273468,0.480809808,-0.38697987,2.193474561,0.3747371,0.272156038,0.632364498,0.458210146,0.299596581,0.422180469,43.01675,22.25,-2.202836976,4.923311049,0,6.122035,1.8304,0,1,Nc1ccc(Cl)c([N+](=O)[O-])c1,3.428407617
4.538461538,139.8532668,0.090347959,-0.117315963,0.087363468,-23.95896137,-1.990297472,-812.4013093,-4597.851429,-14.24429884,83.95825619,-0.0553,-0.0461,-0.5633,0.031597529,-6.157376924,-7.918157795,1.6148763,52.14722618,-0.208395391,-0.562632149,-0.269835035,-0.192636261,1.354913473,0.64734511,0.651782028,0.535009644,0.720391714,0.998354414,0.639835747,0.657049314,1.021859877,0.396209593,-0.288032253,2.189032794,0.688760488,0.399453951,1.293602461,0.670650671,0.238882599,0.307692308,81.50930102,38.14299402,-3.834769668,5.106527395,1.179398148,6.279621,3.5706,0,0,Oc1c(Br)cc(Cl)cc1Br,3.876148359
4,162.3855832,0.139209388,-0.069990366,0,-43.84224966,-26.45277227,1134.612939,-42.35583951,194.7810634,-384.9436935,0.486537037,-0.202583951,-0.348637037,2.335454593,-1.49569608,-1.383013938,3.614879168,42.43817435,-0.373845602,-0.738354594,-0.380434783,-0.354086664,1.907967397,0.858702795,0.520718067,0.633753775,0.403157527,1.126672889,0.478493688,1.408753877,1.290738389,0.448455084,-0.349140447,2.336520829,0.427489074,0.314336826,1.150844543,0.754218137,0.158904385,0.750543056,38.24603371,37.41854863,-1.35636877,9.699715665,-1.944444444,3.834414,0.8419,2,0,NC(=O)C(Cl)(Cl)Cl,2.184422252
4.076923077,143.3362234,0.062218059,-0.114119825,0.09227455,-18.84257433,-1.881347464,-7.746926142,-622.7006105,-88.24543154,-114.4287664,-0.019379882,-0.234540828,-0.627343787,-0.319468782,-2.062333429,-6.83380221,1.598432192,49.60436549,-0.35553371,-0.568953522,-0.327793167,-0.295156622,1.351651351,0.604950313,0.620525329,0.492574581,0.609044978,0.939260485,0.619961514,0.819078942,1.231076719,0.389467753,-0.285532155,2.19305441,0.676216604,0.391492198,0.600843501,0.456665996,0.284608695,0.519606731,46.39867503,23.34123515,-2.590197482,5.106527395,0,5.032828,2.699,0,0,Oc1ccc(Cl)cc1Cl,2.861358331
3,140.1443809,0,0,0,0,0,-5321.662441,0,-240.629769,0,-0.1412,0,0,-7.574263688,0,0,0.025123399,98.09627865,-0.67009613,-0.592217562,0.25,-0.393593875,1.684435124,0.543709917,0.866510933,0.882549667,1.078300222,0.598662753,1.267558165,0.569218376,1.287187749,0.304036797,-0.169175797,2.140443752,0.484689904,0.659753474,0,1.467818837,-0.181849572,0.4,89.6128849,67.19500608,-2.432695226,1.390549427,0.245555556,8.873207,2.3788,2,0,ClC(I)I,2.530177984
4.833333333,139.9298539,-0.018451065,-0.108012093,0.077031192,-28.86831276,-23.63638117,-617.6884807,-3819.896881,-37.15690504,218.185279,-0.147266667,-0.9267,-0.561466667,-0.040214053,-3.603927206,-4.443228284,4.356379077,42.95506328,-0.255149323,-0.328000004,-0.264367816,-0.227150314,1.053287269,0.798541287,0.650911853,0.526903198,0.702537597,0.525808064,0.701077419,0.770665015,1.027553353,0.418138196,-0.379946179,2.211235411,0.432609849,0.308439527,1.125814613,0.864152964,0.16562578,0.833333333,61.94420912,49.72431251,-2.532926656,11.56648989,0.596064815,6.502414,1.6958,1,2,O=C1C=C(Br)C(=O)C(Br)=C1,5.886056648
3.388888889,171.7838571,-0.00555693,-0.091398771,0.102481577,-5.580246914,6.480538409,-48.2565369,-12.0345679,-176.7947053,-140.3606629,0.937387963,-0.473560802,-1.870175309,-0.610218977,-0.79181319,1.405279791,3.964420439,39.8063443,-0.282033297,-0.464422079,-0.176470588,-0.229264874,1.426502645,0.921449618,0.288964339,0.749861911,0.913664122,0.398535866,0.640784015,1.901435855,1.484965871,0.330950224,-0.354848711,2.37158176,0.344405686,0.17586683,0.294810146,0.614066663,0.197663055,1.555555556,26.81395084,21.11395279,-0.348227649,36.22025199,0,11.334863,-0.9167,0,0,O=[N+]([O-])N1CCNCC1,2.051098239
3,148.550647,0,0,0,0,0,-3904.557023,0,-200.0455557,0,-0.170244,0,0,-5.43687838,0,0,0.023448127,80.37821255,-0.443415882,-0.599777233,0.25,-0.342666568,1.699554465,0.533630356,0.874837402,0.851000234,1.099333177,0.500117467,1.333255022,0.722000295,1.185333137,0.307274819,-0.168823047,2.16879736,0.469534911,0.662447025,0,1.381186435,-0.157841392,0,118.5483608,52.01118933,-2.350975332,2.293086672,0.088055556,6.573207,2.3387,0,0,ClC(Br)I,2.616184634
3,150.1075782,0,0,0,0,0,-1777.356441,0,-164.4150163,0,-0.106704,0,0,-1.982286297,0,0,0.013600823,65.89349058,-0.15908655,-0.601078067,0.25,-0.249495066,1.702156133,0.531895911,0.061775088,1.068982546,0.954011636,0.577531646,1.28164557,1.001514803,0.998990132,0.293377152,-0.163943341,2.39529887,0.333333333,0.649859138,0,1.707106781,-0.274094079,0.9509775,41.37773568,49.67953177,-2.489643385,2.645710119,0.270833333,5.143207,2.4547,1,2,BrC(Br)Br,3.306273051
3.571428571,152.3593825,-0.037642412,-0.446618865,0.667909112,-53.91253114,-29.57444009,195.0633733,-577.8016725,324.6637184,-975.1072131,2.097128889,-1.562870222,-2.610136,3.177126094,-3.666164968,-11.65436552,5.384977474,60.4230261,0.300722801,-0.769908549,-0.284090909,0.198557492,1.689982348,0.486255906,0.43205908,0.521899533,0.702536993,0.918868035,0.384073318,0.864774197,0.783863338,0.480609767,-0.330043427,2.145355605,0.315474614,0.225758674,1.439903425,0.811212681,0.187327302,0.7169925,66.35676876,31.8669035,-0.059443798,22.15166537,-0.161944444,10.432035,0.8646,0,0,CC(C(=O)O)=C(I)C(=O)O,3.025028006
4.538461538,138.4856381,0.100949444,-0.105922901,0.063468398,-23.67623639,-1.472738147,-1411.365825,-7976.905185,-7.105920039,172.2353063,-0.046773964,0.038771598,-0.584063905,-0.023099201,-7.985691345,-9.13157458,1.639251102,56.28580369,-0.1609132,-0.564527533,-0.269835035,-0.154773084,1.359622762,0.658146587,0.655321516,0.556883381,0.753307649,1.009555408,0.634631369,0.594598752,0.941375629,0.393589391,-0.290858904,2.188543466,0.712625928,0.413294584,1.43194706,0.746640228,0.221795213,0.673452885,94.16224302,43.26667978,-4.048657038,5.106527395,2.269953704,7.149621,3.6797,1,2,Oc1c(Br)cc(Br)cc1Br,5.619788758
3.625,145.4222258,-0.01317302,-0.019936698,0.004054465,-19.58954157,-14.50538294,-3750.152366,212.636007,-71.18881925,-188.7697973,0.703,-1.1056,-0.3465,-0.949329641,-5.252976822,-9.636642259,4.763771117,70.40166886,0.098263757,-0.780541751,-0.55,0.064373579,1.664294666,0.639294518,0.475359803,0.6095193,1.005629835,0.925278407,0.509135523,0.638593137,0.78182876,0.467500773,-0.325582011,2.149541589,0.584241967,0.418572756,1.173882956,0.924055896,0.10907237,0,97.51217625,43.67452224,-1.144503794,11.07583268,0.275555556,7.934414,1.7423,0,0,O=C(O)C(I)=CBr,4.360513511
5,168.3711064,-0.013491613,0,0,-51.61179698,-48.7261757,308.3854797,-1696.124487,11.61312699,0,-0.177063265,-0.59217551,0,1.027648082,-4.159839184,-1.502344784,7.856300293,18.41932663,-0.400635939,0.014865762,-0.328282828,-0.37163687,1.340162401,0.987635699,0.487028355,0.812279099,0.875320312,0.551085827,0.848433206,1.227925279,1.152379369,0.522766869,-0.38654988,2.394202224,0.486550366,0.792456536,1.291371896,0.896504448,0.133158893,0.285714286,73.62038556,43.2244071,-2.026544813,8.289867969,-2.020833333,3.566,1.7469,0,1,O=[N+]([O-])C(Cl)(Cl)Br,4.149353765
3.933333333,148.4095599,-0.015732014,-0.189830531,-0.030940913,-14.32,-4.168888889,-13.909997,-120.190665,-206.6775356,-70.73851102,0.806248,-0.921252,-2.168124,-1.083771021,-1.948613356,-13.2358186,5.128888889,41.24073074,-0.376085123,-0.36666409,-0.308441558,-0.252386407,1.158573377,0.738424659,0.448505856,0.631309894,0.678343652,0.500833037,0.497876068,0.831438622,1.322076526,0.461699985,-0.38755077,2.197449601,0.483133353,0.278768234,0.292352612,0.382854883,0.314556898,0.533333333,36.23250338,18.75307486,-1.195690693,10.02983844,0,6.182035,1.3004,0,0,O=[N+]([O-])c1ccc(O)cc1,3.164721402
5,158.4382673,-0.043263795,0,0,-57.98765432,-52.49275636,3315.469959,-5949.584816,49.42891119,0,-0.1276,-0.7314,0,2.828264,-7.58004,-4.847327153,8.153334173,28.49515281,-0.487758817,0.09222006,-0.328282828,-0.361220245,1.186890007,0.958972601,0.471391594,0.942387953,0.592795182,0.455907084,0.81518464,0.704344179,1.174971816,0.487716058,-0.389475994,2.383363428,0.5,0.725329975,2.501685531,1.385737093,0.019510604,0.679269643,65.12766218,66.63812935,-2.482509842,7.190040374,-1.340277778,5.306,2.0591,0,0,O=[N+]([O-])C(Br)(Br)Br,5.067019178
4,141.8144608,-0.055211511,0.045228811,0.027362397,-7.053919342,-0.071699743,-257.3594031,-3289.460169,-36.15424617,-101.5989533,-0.305768,-0.031268,0.131884,0.740690845,-5.71317403,-13.85536166,3.134055334,64.24969243,-0.032076427,-0.468979432,-0.25974026,-0.021020899,1.227847176,0.635289446,0.719778917,0.480828481,0.650016556,0.762198623,0.701212811,0.685873339,0.858000433,0.407180941,-0.371062508,2.143283443,0.53540732,0.309425242,0.72813466,0.498458335,0.282142055,0.3169925,64.59887324,30.21328727,-2.272514303,11.39268792,0.94212963,9.564035,1.8093,0,1,O=Cc1cc(I)ccc1O,2.514761391
3.375,148.3919677,-0.195126296,0.102728638,-0.025120667,-11.51443716,-17.96104083,3012.359646,-2846.088211,31.46907913,3.289730038,0.64585679,-1.476632099,0.463718519,2.672008979,-0.56558522,0.034796647,4.750916612,54.52105438,-0.229350569,-0.820474489,-0.1,-0.198145845,1.686763571,0.448579763,0.421742953,0.611579311,0.490150659,1.023711629,0.501490445,0.825449256,1.080175896,0.457422965,-0.327493845,2.251488927,0.590335808,0.406896082,0.583082931,0.903287029,0.122180033,0.222222222,63.20167902,46.43408892,-1.055600941,11.07583268,0.4375,5.634414,1.7022,2,0,O=C(O)C=C(Br)Br,1
3.4,155.144723,0.014133143,0,0,-15.49702789,-12.17993716,-1429.682343,-459.2206848,-131.171245,0,-0.1478,-0.0645,0,-1.283116785,-0.45364449,1.299776832,3.123216788,44.00789648,-0.588008155,-0.184420003,-0.183673469,-0.388726115,1.179661089,0.90849052,0.526444611,0.635950681,1.261239088,0.626778784,0.98410645,1.069093114,0.95701451,0.384808275,-0.398135894,2.305584821,0.569187038,0.506830667,0.287494454,0.661084449,0.116036282,0,66.51711672,31.01955001,-1.467204058,4.286355892,-0.525462963,3.463207,1.46978,0,0,N#CC(Cl)Br,5.080921908
3.615384615,141.1012826,-0.016778856,-0.069896516,0.07204069,-16.56338958,-3.261008335,-223.0051949,-3182.018852,-117.3581836,-167.3884684,-0.007619527,-0.316632544,-0.205628994,-0.031124548,-4.122599736,-7.1395937,1.664324502,72.0606549,-0.256790073,-0.57776087,-0.360411899,-0.166374207,1.351660279,0.506720481,0.592111689,0.47580106,0.643418991,0.973363286,0.632857196,0.645942166,0.96994951,0.363764542,-0.292429106,2.144281041,0.745939273,0.430400886,0.574016333,0.470238704,0.271824665,0.615384615,62.62538784,29.03421933,-2.1740627,5.106527395,1.139259259,8.696035,1.9968,0,0,Oc1ccc(I)cc1,3.665546249
4.5,141.9140201,0.187978272,-0.307234187,-0.081113669,-35.21905007,-7.818655425,-505.111046,-2675.514728,5.808974681,-6.893552622,0.73174375,-0.41821875,-2.4255375,0.71412009,-4.732457791,-13.31677433,3.839965653,50.27293011,-0.005380878,-0.665387868,-0.27090301,-0.004316607,1.507176234,0.559602575,0.484902026,0.514184239,0.690652792,0.993238739,0.493783201,0.663335901,0.919866319,0.459346783,-0.327956304,2.18601552,0.365780082,0.242558931,1.311946676,0.660236313,0.252063289,0.375,73.9785,35,-2.58877104,16.18236008,0.71162037,7.640828,2.6154,0,0,O=C(O)c1cc(Br)c(O)c(Br)c1,2.707743929
5.3,143.7008207,0.029822988,-0.011980743,0,-17.99314129,-0.742626886,-3280.806053,-4524.925013,-56.14364497,-78.30407179,0.057735,0.064395,-0.057915,-1.902124347,-2.973079468,-3.05572387,0.208569959,38.97506109,-0.304152469,-0.667568157,-0.31835206,-0.269505162,1.778909149,1.04462883,1.232772653,0.717864314,0.940753021,1.491255238,0.846055748,0.938488497,1.302747939,0.381180913,-0.312944694,2.234369,0.691530849,0.33884938,3.874837649,0.931866908,0.179305008,0.8,108.7388834,67.97697361,-4.952242144,4.983978521,3.853009259,7.093207,4.0647,0,1,Brc1[nH]c(Br)c(Br)c1Br,3.693146251
3.571428571,161.1260429,0.065286916,-0.032050064,0,-45.35802469,-36.85398567,-244.144253,58.260964,-135.8267359,-30.63817009,0.3431125,-0.88295,0.22996875,-0.357471041,-0.970956977,0.81656754,5.207590306,43.19656752,-0.438375749,-0.698447898,-0.466666667,-0.475132307,1.631987234,0.765476102,0.472339172,0.596352512,1.058962317,1.070447425,0.598206014,1.518416935,1.35984327,0.480218625,-0.327301447,2.350960713,0.524598427,0.368369002,0.437030743,0.580454077,0.180066199,0.25,39.49,28.25,-0.495767231,15.91210237,0,3.894414,0.8747,0,1,O=C(O)C(Cl)Cl,1.958607315
4,141.8144608,0.097118645,-0.093502218,-0.061205516,-22.58873416,-3.703917027,-257.3594031,-1567.09216,-36.15424617,-121.6012377,-0.305768,-0.408268,-0.650656,0.740690845,-5.21561227,-13.8712245,3.134055334,64.24969243,-0.032076427,-0.487716283,-0.332792208,-0.021020899,1.245084642,0.663879888,0.715379042,0.480828481,0.650016556,0.762198623,0.701212811,0.685873339,0.858000433,0.394892895,-0.372281288,2.142868143,0.535843425,0.309919683,0.93908405,0.501990816,0.282142055,0.3169925,64.59887324,30.21328727,-2.272514303,11.39268792,0.696481481,9.564035,1.8093,0,1,O=Cc1ccc(O)c(I)c1,3.405828521
3,125.6748495,0,0,0,0,0,-4273.611225,0,-265.6653192,0,0.020496,0,0,-6.713602221,0,0,0.015935336,113.1898783,-0.61902776,-0.58603988,0.25,-0.416631144,1.672079759,0.551946827,0.007774631,1.137891634,0.908072244,2.497810858,0.001459428,0.500106568,1.333262288,0.283982666,-0.16359156,2.11717789,0.333333333,0.639480514,0,2.017045035,-0.351889476,0.9509775,62.16016543,73.55721702,-2.705665008,-0.061901616,0.743333333,12.043207,2.575,0,1,IC(I)I,2.851089007
4,144.3903773,-0.057525444,0.016046997,0.06262564,-8.673909465,-0.897525784,-46.37159956,-463.6034157,-83.24628598,-162.7755143,-0.341094222,-0.464772,-0.176297333,-0.097097255,-2.468344278,-12.16959876,3.092977019,47.84059834,-0.151344035,-0.470528509,-0.25974026,-0.116453474,1.226896067,0.625559395,0.722168818,0.523830867,0.6477011,0.772320173,0.712567703,0.859426967,1.081206281,0.408912838,-0.371017871,2.189856119,0.519519578,0.300243644,0.476471142,0.420309069,0.304031077,0.3169925,40.77960312,20.83674984,-1.918723266,11.39268792,0,6.394035,1.8581,0,1,O=Cc1cc(Cl)ccc1O,3.202317065
6,141.2385935,-0.057228515,-0.058456386,0.094304678,-19.82716049,-23.14830056,-431.2249927,-467.840097,-0.755977387,-39.92880868,-0.459266667,-0.5289,-0.299266667,-0.003850667,-1.267848,-3.058757218,4.163728429,6.780797677,-0.308525159,-0.11085438,-0.333333333,-0.317223227,0.959685326,1.076347406,0.700840031,0.747519138,0.996692184,0.7358389,0.981118533,0.894515271,1.192687028,0.456259148,-0.373048756,2.205480505,0.323426679,0.246711968,1.774775975,0.815644089,0.205419195,1.666666667,37.14368665,60.66867503,-3.735494167,11.56648989,0,3.776,2.5166,1,2,O=C1C(Cl)=C(Cl)C(=O)C(Cl)=C1Cl,6.301029996
3.608695652,173.8261787,0.106811226,-0.368792732,0.250574972,-7.111111111,30.45138889,195.3763762,111.9625636,-119.4651327,-388.27462,3.607372222,-1.068044444,-6.393691667,-0.25639567,0.049779807,-2.611570836,7.116319444,30.00724538,-0.333244402,-0.699943708,-0.109701966,-0.3314005,1.771327626,0.669845561,0.298767778,0.512262387,0.777182116,0.326209804,0.603721294,1.719640002,1.559227435,0.421329452,-0.355704888,2.380484382,0.18859928,0.177873776,0.339353686,0.655545796,0.247936056,1.166666667,38.03324481,34.87005105,-0.345676878,46.51774119,0,13.285656,-1.1033,2,0,O=[N+]([O-])OCCN(CCO[N+](=O)[O-])[N+](=O)[O-],1
4.4,158.0278317,0.039258368,0,0,-13.03703704,-10.57515289,98.47047736,-343.5236814,9.324287648,0,-0.1205,0.0651,0,0.3163,-0.7665,1.732217618,2.927442939,5.872108113,-0.518774447,-0.390297519,-0.103896104,-0.403481144,1.68546612,0.819496455,0.540042872,1.058231252,0.755879466,1.324390244,0.945993031,1.261439331,0.901028093,0.421934413,-0.389307937,2.300260867,0.488238715,0.699172138,0.431241681,0.637613171,0.175667952,0.79248125,34.11042316,33.68571459,-1.839355194,3.792535936,-1.736111111,2.1,1.88018,0,0,N#CC(Cl)(Cl)Cl,3.799833754
3,125.6748495,0,0,0,0,0,-4273.611225,0,-265.6653192,0,0.020496,0,0,-6.713602221,0,0,0.015935336,113.1898783,-0.61902776,-0.58603988,0.25,-0.416631144,1.672079759,0.551946827,0.007774631,1.137891634,0.908072244,2.497810858,0.001459428,0.500106568,1.333262288,0.283982666,-0.16359156,2.11717789,0.333333333,0.639480514,0,2.017045035,-0.351889476,0.9509775,62.16016543,73.55721702,-2.705665008,-0.061901616,0.743333333,12.043207,2.575,2,0,IC(I)I,1
4.125,144.7912451,-0.225815609,0.318814576,-0.175655864,-9.848765432,-9.685977628,29.35583094,-495.7959242,-84.92056805,-253.0407441,0.813640234,-0.959982422,0.238641406,-0.132211153,-2.246400053,-11.80275749,3.788331976,44.85314399,-0.138738283,-0.642299042,-0.190306486,-0.107059537,1.482625112,0.527112337,0.479223693,0.56078537,0.58967296,0.945856307,0.480700734,0.813717532,1.129208535,0.469766171,-0.32657039,2.189616171,0.362709063,0.242514006,0.531348174,0.469164301,0.290724009,0.422180469,43.14175,22,-1.35342119,16.18236008,0,6.394035,1.7438,0,1,O=C(O)c1cc(Cl)ccc1O,2.766800758
2,171.7029506,0,0,0,0,0,-949.9238656,0,-29.80404632,0,-0.009,0,0,-0.9324,0,0,4.296201036,19.93781979,-1.443112876,-0.538903178,0.5,-0.704944775,1.038903178,0.922193643,1.889735653,0.772697059,1.454605881,1.167582418,0.664835165,0.897527612,1.204944775,0.357887943,-0.379436431,2.338676089,1,0.768597221,0,0.312933702,0.247359707,0,55.96079933,25.35940001,-0.748751038,0,0,1.95,0.86238,2,0,N#CBr,3.301029996
3.875,163.0341019,0.044553267,-0.022436226,0,-44.43484225,-20.8594176,-651.1435311,-111.1020715,-187.5908805,-2.571749618,0.018937037,-0.561683951,0.118962963,-1.047954698,-0.63316809,0.682141662,3.228657556,42.43817435,-0.407378996,-0.610954961,-0.383928571,-0.385847711,1.674156445,0.943132923,0.634120819,0.590315825,1.152701553,0.871041225,0.761033948,1.626087823,1.332615436,0.432605041,-0.349771895,2.349198077,0.372996361,0.368129358,0.537545685,0.738849211,0.140063702,0.222222222,49.32214778,32.5968278,-1.76692877,10.74344942,0,4.974414,1.0601,0,0,O=C(NCl)C(Cl)Cl,3.408935393
4.428571429,158.7796986,0.16737774,-0.063517474,0,-44.55555556,-34.53026406,555.5666976,-149.6567795,57.52027148,-167.319617,0.214553125,-0.2332625,0.011929688,1.779540933,-2.361665899,0.36958362,5.111327678,31.08557835,-0.383104133,-0.681496384,-0.392405063,-0.45077338,1.702245057,0.858177804,0.49112705,0.77110713,0.510397495,1.328109113,0.559351932,1.460738394,1.303921402,0.500917476,-0.323723199,2.338960929,0.508783548,0.378448764,0.980174427,0.738224123,0.162340086,0.594360938,40.19824667,37.93759217,-1.140945903,14.86836862,-2.166666667,3.401207,1.4412,0,0,O=C(O)C(Cl)(Cl)Cl,2.070581074
3.6,154.2059327,-0.221991515,-0.053687951,0.25800619,-65.95498971,-53.7628315,1943.264299,-2562.548174,347.9106362,-653.6385225,1.423228516,-2.973132422,-0.212821875,3.349905244,-1.701580053,-0.879220937,4.567204647,54.38435673,-0.1404404,-0.611015775,-0.262857143,-0.120902614,1.518402958,0.571230401,0.467499032,0.516294376,0.683840073,0.755762305,0.432487169,1.270695242,1.1903616,0.438867078,-0.385121801,2.293734159,0.404591995,0.257308991,2.643311112,0.971878095,0.140388174,0.422180469,56.93869209,28.85845859,-1.518979336,20.64251794,-1.431712963,9.645242,1.3801,2,0,CC(=O)C(Cl)(Br)CC(=O)O,3.446116973
3,150.1075782,0,0,0,0,0,-1777.356441,0,-164.4150163,0,-0.106704,0,0,-1.982286297,0,0,0.013600823,65.89349058,-0.15908655,-0.601078067,0.25,-0.249495066,1.702156133,0.531895911,0.061775088,1.068982546,0.954011636,0.577531646,1.28164557,1.001514803,0.998990132,0.293377152,-0.163943341,2.39529887,0.333333333,0.649859138,0,1.707106781,-0.274094079,0.9509775,41.37773568,49.67953177,-2.489643385,2.645710119,0.270833333,5.143207,2.4547,0,1,BrC(Br)Br,3.12285911
2.4,164.7885189,-0.001803857,0,0,-15.52263374,-12.56242697,-396.0439318,-0.40099675,-111.160558,0,-0.0785,-0.2184,0,-0.928970834,0.104498418,2.587725577,3.104387881,49.29031814,-0.644022228,-0.092258198,-0.357142857,-0.428287573,0.853062351,0.880651471,0.504689727,0.501234762,1.425795973,0.51252505,0.839536215,1.361437947,1.003959016,0.35466251,-0.403496635,2.312727374,0.641272358,0.356330796,0,0.330763461,0.242011824,0.333333333,32.19058315,16.56641667,-0.856278108,5.880003445,0,3.086414,0.74878,0,0,N#CCCl,3.721246399
4.833333333,142.8170699,-0.036202828,-0.084762244,0.072189731,-26.07407407,-22.89586191,-44.95796267,-618.91993,-60.19057491,142.0414921,-0.176816667,-0.933675,-0.448366667,-0.308814083,-1.556727161,-3.690557283,4.242362275,33.81359292,-0.379641341,-0.292573534,-0.264367816,-0.320492823,1.03808181,0.841020415,0.659935158,0.490459569,0.653946093,0.537623318,0.716831091,0.899010964,1.198681286,0.428142309,-0.378942168,2.212526592,0.393720101,0.292683559,0.703651916,0.608304353,0.232173948,0.833333333,42.79351443,34.21453751,-2.056381169,11.56648989,0,4.762414,1.3836,1,2,O=C1C=C(Cl)C(=O)C(Cl)=C1,6.045757491
3,164.6469739,0,0,0,0,0,-1407.157755,0,-129.7494652,0,-0.1323,0,0,-1.442367847,0,0,0.023379058,52.35303,-0.038981524,-0.626988985,0.25,-0.05340908,1.753977969,0.497348021,1.14335463,0.792942367,1.138038422,0.622699387,1.251533742,1.589772759,0.606818161,0.328237152,-0.169757874,2.406943367,0.388059921,0.677106068,0,0.965556319,-0.015086462,0.4,61.89863157,37.48241809,-2.003197445,3.745537714,-0.409722222,3.403207,2.1425,1,2,ClC(Cl)Br,3.585026652
3.470588235,170.7149929,-0.024688794,-0.129583112,0.093958459,-26.66435986,-0.001922338,-55.95899514,-143.7615274,-87.06593051,-247.157246,0.070759862,-1.347901038,-1.965170242,-0.226867067,-0.41441557,-0.358039606,4.240292195,39.55315454,-0.198928133,-0.337380249,-0.173502304,-0.165944492,1.21162997,1.077915389,0.363569358,0.665419178,0.933246717,0.419831881,0.872814255,1.800404787,1.303126712,0.352316406,-0.411628262,2.376626943,0.388753156,0.164630049,0.294810146,0.602362083,0.203986663,1.176470588,27.99173548,21.7835656,-0.038034272,36.34450311,4.90375,11.497656,-0.4897,0,0,O=[N+]([O-])N1CCOCC1,1.072629637
3.6,152.6212903,-0.20862399,-0.075100879,0.265765778,-65.92393261,-53.91345265,4458.163567,-4762.166476,431.5487914,-765.3264879,1.416025,-2.938275,-0.2574,5.284406346,-2.768081257,-0.883323911,4.604659302,59.48401045,-0.010910636,-0.621323267,-0.262857143,-0.009062283,1.519130374,0.550868603,0.465104765,0.527213747,0.609992439,0.755317926,0.42690583,1.158276403,1.046493994,0.43682035,-0.386210304,2.292130177,0.414365835,0.263193514,3.870163151,1.16451592,0.096929651,0.547180469,58.06344209,42.10845859,-1.746996729,20.09260415,-1.091435185,10.515242,1.5362,2,0,CC(=O)C(Br)(Br)CC(=O)O,4.04431225
4.428571429,150.3293604,0.120390742,-0.04897418,0,-49.91838134,-37.84710553,2197.097329,-2057.222374,122.8571114,-249.2164367,0.277103125,-0.4087625,0.080554688,3.755487216,-4.668380854,-2.113211621,5.304963605,43.38197372,-0.196109698,-0.697808617,-0.392405063,-0.197579898,1.684745565,0.80971678,0.478776715,0.729455907,0.706651656,1.281976958,0.534266788,0.922240859,1.003886291,0.485601814,-0.325679171,2.333435629,0.53653629,0.388391332,2.008472531,1.166702656,0.052586026,0.25,74.632375,52.25,-1.627741303,13.76854102,-1.486111111,5.141207,1.7534,0,0,O=C(O)C(Cl)(Br)Br,3.698970004
4,145.4920623,0.029737457,0,0,-10.57949106,-11.60367851,4115.560986,-7546.290745,200.8096485,0,-0.479012245,0.032791837,0,4.716907563,-7.980709307,-3.063131827,4.1654279,52.02624711,0.08902071,-0.203910426,-0.222222222,0.100946488,1.136307453,1.06435899,0.82022916,0.827321121,0.560422903,0.647760582,1.009770587,0.967515017,0.64503077,0.404145281,-0.371539947,2.33417464,0.659435392,0.415970757,1.363705935,1.432673798,-0.044358713,0.679269643,58.31501389,63.42972373,-2.43071991,8.428955065,-0.701388889,6.011207,2.0238,2,0,O=CC(Br)(Br)Br,3.468521083
4.076923077,141.9685947,0.044107829,-0.108683348,0.094208535,-20.76574054,-2.808774832,-152.4652134,-1453.467221,-72.66632432,-135.3842023,-0.014208876,-0.280568639,-0.592185207,-0.139703611,-2.801675599,-6.906239173,1.624633052,54.94876135,-0.293268904,-0.574740078,-0.327793167,-0.243872979,1.354972769,0.576335078,0.621068505,0.487435379,0.648011399,0.951866285,0.617218471,0.743434772,1.127748049,0.382738503,-0.288388464,2.192500421,0.703227833,0.406796719,0.837082034,0.526140322,0.265684085,0.365760577,59.05161702,28.46492091,-2.842444394,5.106527395,0.62037037,5.902828,2.8081,0,1,Oc1ccc(Cl)cc1Br,3.327902142
4.428571429,146.3038898,0.097599491,-0.04193176,0,-52.70061728,-39.53510802,4685.246054,-3752.064464,169.5196938,-294.0521138,0.3152125,-0.49955,0.11296875,5.382094733,-6.105575831,-3.853855617,5.398083848,48.75271794,0.009717954,-0.708314974,-0.392405063,0.00970348,1.680066405,0.782440946,0.471339531,0.786990004,0.546838466,1.261734444,0.517380369,0.751219494,0.764658034,0.478597953,-0.326648493,2.330693101,0.551066814,0.393539262,2.743655464,1.438591461,-0.013221602,0.594360938,63.78568363,66.59210153,-1.84955876,13.21862722,-1.145833333,6.011207,1.9095,1,2,O=C(O)C(Br)(Br)Br,2.244125144
2.714285714,153.8349288,-0.064491409,0.007617254,0,-50.0891358,-41.41863299,-4315.353612,-446.7588447,-304.0744835,11.91314662,1.262228125,-2.4657625,0.478992188,-5.373657017,-2.52336477,-0.815244162,5.389476318,79.45981456,-0.602597049,-0.773878053,-0.483870968,-0.363420026,1.632471042,0.579179325,0.432237214,0.544216335,1.259588664,0.870146946,0.36266429,0.855886909,1.266033733,0.441744497,-0.332164149,2.169336401,0.596310133,0.388041962,0.163663418,0.684895222,0.064719914,0.25,69.4785,31.75,-0.60967537,15.50338509,0.192222222,7.557621,0.506,1,2,O=C(O)CI,3.61780279
2.571428571,165.5771546,-0.097810941,0.002770234,-0.015992499,-60.57481481,-35.91517261,-13.70927522,-541.884721,-31.77420115,-444.7221615,2.95224,-3.209616,-1.20648,-1.369680344,1.7967903,9.670745169,4.212789971,48.38826995,-0.22389528,-0.726650913,-0.1,-0.168245825,1.810147489,0.843129043,0.429817459,0.893368537,1.022000427,0.68765928,0.605209278,2.052689492,1.14803127,0.458836395,-0.373783026,2.298360593,0.381043686,0.37155977,0.3476007,0.565496136,0.182407161,0.900651667,29.43223934,20.70214481,-0.680882317,21.28044813,24.21944444,16.417656,-0.0175,0,0,CCOS(C)(=O)=O,2.37161107
2.375,167.044157,-0.104611625,0.019517501,0,-43.68526139,-25.71785532,43.985323,-146.323056,-21.1637361,-48.3925308,0.774703704,-1.709061728,0.142296296,-0.458107225,0.602433202,2.33412216,3.306675623,48.25587505,-0.461237866,-0.815876317,-0.5,-0.410869198,1.75312037,0.506369385,0.532036023,0.491247751,0.726212839,0.692612845,0.455264402,1.781928656,1.395464493,0.37100143,-0.358171952,2.360505431,0.50514206,0.425078629,0.115727512,0.555033778,0.171336029,0.528320834,32.40403001,17.43458751,-0.792694282,5.907179729,0,5.960828,0.2763,0,0,CC(=O)NCl,2.749579998
3.666666667,159.3425405,0.06245973,-0.021117964,0,-44.10222222,-20.56852023,1772.023092,-53.51984448,404.9993444,-603.1949488,0.527485,-0.441048,-0.813501,3.176647703,0.028311068,-1.861283687,2.984854538,51.53570837,-0.196607487,-0.358043868,-0.333333333,-0.202760104,1.442746843,1.054332101,0.605732358,0.545923827,0.330124003,0.54019582,0.527109595,1.583275945,1.121953991,0.406709418,-0.380437668,2.313672467,0.565457561,0.474832542,1.705136246,0.828686168,0.14064988,0.9509775,36.28410702,36.77585567,-2.101783187,9.575780882,-1.722222222,5.407621,1.9456,0,1,CC(=O)C(Cl)(Cl)Cl,3.113509275
3.692307692,142.7162941,0.068467695,-0.044995594,-0.011193202,-18.37335736,-2.833542849,-26.0575708,-234.3145762,-146.1633155,-319.1922069,0.0032,0.1384,-0.5624,-0.492686901,-1.478144879,-6.822390841,1.65969635,58.71553911,-0.326590596,-0.558845311,-0.360411899,-0.252740371,1.350753351,0.635777206,0.640949679,0.472662725,0.626892397,0.954657164,0.614847822,0.761970804,1.145452677,0.373179569,-0.290747092,2.195490801,0.688349615,0.39818863,0.655408711,0.458344952,0.27976815,0.769230769,49.24687502,23.91053356,-2.064274491,5.106527395,0.736111111,6.396035,2.1547,0,1,Oc1ccccc1Br,2.884489338
3.6875,143.7299848,-0.03428444,0.035637395,-0.017791724,-15.47102195,-5.641231165,126.4632566,-1302.676633,-131.0905856,164.5957229,-0.009193359,-0.434313281,0.290003906,-0.203245503,-2.377550876,-4.64250413,1.4241225,57.19434656,-0.192664873,-0.138532682,-0.225806452,-0.128991699,0.828366257,0.740716054,0.455312956,0.468832227,0.599881384,0.502090001,0.529501665,0.859623816,0.965774345,0.3434021,-0.408383945,2.190392746,0.40236954,0.136014569,0.538538166,0.497763005,0.281689672,0.625,48.88575,24.25,-3.138564041,0,1.028009259,7.969242,2.51518,0,0,N#CCc1cccc(Br)c1,2.877129077
3.692307692,144.0839227,0.092665866,-0.05414156,-0.013021232,-16.69223464,-1.80410242,-8.174699858,70.99102408,-167.4352288,-253.50758,0.002726036,0.203886982,-0.634463905,-0.781510422,-1.190615877,-6.999748884,1.633536524,52.55788523,-0.392028841,-0.555964775,-0.360411899,-0.304939354,1.34945603,0.664949026,0.640720956,0.528859625,0.63045046,0.936580882,0.614223385,0.837923074,1.249915042,0.380399148,-0.287687984,2.196081103,0.662741367,0.383689347,0.409902847,0.389259449,0.301058336,0.769230769,36.59393302,18.7868478,-1.793472685,5.106527395,0,5.526035,2.0456,0,1,Oc1ccccc1Cl,2.659555885
4.538461538,133.6406037,0.097061237,-0.10227336,0.059588815,-24.58792899,-1.659512889,-4394.305611,-21772.7759,7.986150703,449.8105405,-0.006788757,-0.298201775,-0.216513609,-2.677557659,-31.06402777,-17.16020944,1.652317721,86.13210464,-0.039407,-0.56691651,-0.269835035,-0.025344549,1.36143461,0.650636331,0.656084288,0.572486477,0.7801935,0.97587123,0.631838856,0.421437226,0.662101345,0.390809586,-0.292702471,2.123931283,0.729208168,0.422776071,1.829852095,0.818312699,0.207390305,0.673452885,134.2977815,58.63773707,-4.221948483,5.106527395,2.978703704,14.049621,3.206,0,0,Oc1c(I)cc(I)cc1I,4.359518563
4.5,141.9140201,0.187978272,-0.307234187,-0.081113669,-35.21905007,-7.818655425,-505.111046,-2675.514728,5.808974681,-6.893552622,0.73174375,-0.41821875,-2.4255375,0.71412009,-4.732457791,-13.31677433,3.839965653,50.27293011,-0.005380878,-0.665387868,-0.27090301,-0.004316607,1.507176234,0.559602575,0.484902026,0.514184239,0.690652792,0.993238739,0.493783201,0.663335901,0.919866319,0.459346783,-0.327956304,2.18601552,0.365780082,0.242558931,1.311946676,0.660236313,0.252063289,0.375,73.9785,35,-2.58877104,16.18236008,0.71162037,7.640828,2.6154,0,1,O=C(O)c1cc(Br)c(O)c(Br)c1,2.35096711
3,150.1075782,0,0,0,0,0,-1777.356441,0,-164.4150163,0,-0.106704,0,0,-1.982286297,0,0,0.013600823,65.89349058,-0.15908655,-0.601078067,0.25,-0.249495066,1.702156133,0.531895911,0.061775088,1.068982546,0.954011636,0.577531646,1.28164557,1.001514803,0.998990132,0.293377152,-0.163943341,2.39529887,0.333333333,0.649859138,0,1.707106781,-0.274094079,0.9509775,41.37773568,49.67953177,-2.489643385,2.645710119,0.270833333,5.143207,2.4547,1,2,BrC(Br)Br,3.106238238
4.0625,144.2011311,-0.005225431,0.038716477,-0.028153348,-18.66087963,-5.70376086,110.8225571,113.4015989,-53.19527109,-6.729274985,0.068262891,-0.350275781,0.096616406,0.026423523,-0.646805825,-4.055947144,1.375338173,49.62122788,-0.2152271,-0.213857492,-0.283708609,-0.151234547,0.894355862,0.79144159,0.437863587,0.469397723,0.600128385,0.470911368,0.504127056,0.90336769,1.01510254,0.359341493,-0.408377189,2.188098981,0.372440633,0.125898025,0.92235132,0.500296347,0.28688739,0.672180469,46.38425,23.75,-3.666978911,0,0,6.606035,3.05948,1,2,N#CCc1ccc(Cl)c(Cl)c1,4.669586227
3,125.6748495,0,0,0,0,0,-4273.611225,0,-265.6653192,0,0.020496,0,0,-6.713602221,0,0,0.015935336,113.1898783,-0.61902776,-0.58603988,0.25,-0.416631144,1.672079759,0.551946827,0.007774631,1.137891634,0.908072244,2.497810858,0.001459428,0.500106568,1.333262288,0.283982666,-0.16359156,2.11717789,0.333333333,0.639480514,0,2.017045035,-0.351889476,0.9509775,62.16016543,73.55721702,-2.705665008,-0.061901616,0.743333333,12.043207,2.575,0,0,IC(I)I,4.180456064
4,144.3903773,0.125125321,-0.113170688,-0.056851052,-21.01465021,-2.940049789,-46.37159956,-112.2293667,-83.24628598,-92.96511307,-0.341094222,-0.035772,-1.059690667,-0.097097255,-2.399388708,-12.13612314,3.092977019,47.84059834,-0.151344035,-0.484810456,-0.332792208,-0.116453474,1.244927832,0.687889301,0.719177194,0.523830867,0.6477011,0.772320173,0.712567703,0.859426967,1.081206281,0.399711126,-0.372231686,2.189974813,0.516925721,0.299270906,0.540195225,0.420659113,0.30397584,0.3169925,40.77960312,20.83674984,-1.918723266,11.39268792,0,6.394035,1.8581,0,1,O=Cc1ccc(O)c(Cl)c1,2.110558225
3,179.2766491,-0.112651295,0,0,-56.57722348,-52.00523191,-394.8278934,-16.2980418,-73.94971243,0,0.099732653,-1.686244898,0,-1.008289157,-0.08652099,0.136280454,7.961007997,37.14165824,-0.111159996,0.23240184,-0.371794872,-0.126052014,0.761395476,0.883098681,0.44700555,0.496729339,1.319791554,0.264681008,0.783099862,2.125776185,0.870378428,0.575961398,-0.395858465,2.450612229,0.460947224,0.484117389,0.061858957,0.405747614,0.234923468,0.285714286,38.00632639,19.48110659,-0.820671626,10.92724928,0,3.682414,0.4594,0,1,O=[N+]([O-])CCl,3.332640454
3,140.1443809,0,0,0,0,0,-5321.662441,0,-240.629769,0,-0.1412,0,0,-7.574263688,0,0,0.025123399,98.09627865,-0.67009613,-0.592217562,0.25,-0.393593875,1.684435124,0.543709917,0.866510933,0.882549667,1.078300222,0.598662753,1.267558165,0.569218376,1.287187749,0.304036797,-0.169175797,2.140443752,0.484689904,0.659753474,0,1.467818837,-0.181849572,0.4,89.6128849,67.19500608,-2.432695226,1.390549427,0.245555556,8.873207,2.3788,0,0,ClC(I)I,2.617982957
3.388888889,171.7838571,-0.00555693,-0.091398771,0.102481577,-5.580246914,6.480538409,-48.2565369,-12.0345679,-176.7947053,-140.3606629,0.937387963,-0.473560802,-1.870175309,-0.610218977,-0.79181319,1.405279791,3.964420439,39.8063443,-0.282033297,-0.464422079,-0.176470588,-0.229264874,1.426502645,0.921449618,0.288964339,0.749861911,0.913664122,0.398535866,0.640784015,1.901435855,1.484965871,0.330950224,-0.354848711,2.37158176,0.344405686,0.17586683,0.294810146,0.614066663,0.197663055,1.555555556,26.81395084,21.11395279,-0.348227649,36.22025199,0,11.334863,-0.9167,2,0,O=[N+]([O-])N1CCNCC1,1
2.714285714,163.5121797,-0.036755727,-0.000841708,0,-46.50617284,-39.48870218,-376.5888114,-30.3841335,-169.0117262,61.5538276,0.694928125,-1.6318625,0.385992187,-1.206473089,-0.152696912,1.164070199,5.280511141,46.40966686,-0.471264082,-0.746131381,-0.483870968,-0.479432854,1.613945652,0.632592609,0.440567531,0.55507064,1.229683009,0.93696685,0.522983816,1.587495626,1.389975074,0.45109153,-0.331000189,2.362149032,0.568067073,0.375991725,0.073192505,0.448210245,0.203268316,0.25,35.184375,18.25,-0.185436005,16.95583613,0,4.387621,0.3098,0,0,O=C(O)CCl,3.075720714
4.4,142.5635032,0.185145125,-0.15661141,-0.044849079,-23.13946045,-2.158664711,-193.1577829,-1221.992074,6.647517133,164.4299392,-0.394134222,0.196788,-1.175970667,0.59942199,-4.241613185,-13.17515224,3.097300801,49.04197166,-0.064647365,-0.47660814,-0.272450111,-0.052611808,1.245899938,0.738306188,0.73044831,0.492896132,0.658136503,0.801916126,0.737097156,0.778319418,0.965373215,0.40890563,-0.372175822,2.186706675,0.508918642,0.295395364,1.020336221,0.550992711,0.276129784,0.133333333,61.32880581,29.69236853,-2.943556072,11.39268792,0.423240741,6.770828,2.6206,0,1,O=Cc1cc(Cl)c(O)c(Br)c1,2.537602002
4.5,141.9140201,-0.156292513,0.255692838,-0.138573216,-10.83016118,-7.581772709,-505.111046,-3693.298691,5.808974681,25.68613546,0.73174375,-0.73021875,-0.0898375,0.71412009,-4.919043451,-13.3276268,3.839965653,50.27293011,-0.005380878,-0.637108894,-0.163879599,-0.004316607,1.484168324,0.560031235,0.487031559,0.514184239,0.690652792,0.993238739,0.493783201,0.663335901,0.919866319,0.471342675,-0.326633975,2.185917424,0.364832397,0.24453126,1.155218034,0.659744473,0.252063289,0.375,73.9785,35,-2.58877104,16.18236008,0.957268519,7.640828,2.6154,0,1,O=C(O)c1cc(Br)cc(Br)c1O,3.083177715
4.833333333,136.5203852,-0.015330278,-0.112348271,0.077968394,-29.47555556,-23.75125472,-1939.627382,-10428.03853,-13.31476145,350.3473759,-0.028016667,-1.132075,-1.117966667,-0.545288686,-14.48431526,-7.903536912,4.374365871,64.78626888,-0.139885428,-0.335323335,-0.264367816,-0.091602951,1.056428627,0.789710632,0.64970138,0.536330123,0.715106831,0.469537555,0.626050074,0.584287391,0.779049855,0.416259223,-0.380176233,2.139463399,0.441098315,0.311881993,1.416473739,0.934341973,0.149556432,0.833333333,82.19308204,65.23408752,-2.680523363,11.56648989,0.989814815,11.102414,1.776,0,1,O=C1C=C(I)C(=O)C(I)=C1,3.770574152
4.076923077,138.9859546,0.046194771,-0.09320254,0.070604134,-20.60274641,-2.49683774,-965.0204783,-5961.861362,-40.05552942,-130.4337513,0.003180473,-0.556186391,-0.413221302,-0.015156356,-7.810847174,-8.62639655,1.654401645,71.9563524,-0.177610176,-0.575577659,-0.327793167,-0.126210401,1.358488527,0.579231955,0.62485217,0.50761531,0.688437403,0.956350593,0.614620737,0.578263398,0.885662316,0.37852193,-0.291934697,2.143231132,0.733600808,0.424298581,1.148777916,0.620141311,0.241362949,0.365760577,85.08307184,38.71229244,-3.159912853,5.106527395,1.853402778,9.072828,2.7593,0,1,Oc1ccc(Br)cc1I,3.537302592
4,166.0054907,-0.084427804,0,0,-59.06430391,-53.1138546,-913.159206,-2046.145642,-156.1426458,0,-0.050126531,-1.21255102,0,-1.050064156,-3.145799143,-2.108072931,8.149005487,47.60425737,-0.509381794,0.185907858,-0.377777778,-0.386007917,0.929672785,0.918919301,0.460078655,0.689500999,1.048652266,0.310365385,0.818053119,1.000059021,1.19671962,0.530148144,-0.393209835,2.410563292,0.5,0.60569837,1.050380986,0.947428082,0.06316278,0.285714286,64.93301319,48.17861954,-1.647423195,8.783687926,-0.800925926,4.929207,1.3365,2,0,O=[N+]([O-])C(Br)Br,4.581698709
3.571428571,161.1260429,0.065286916,-0.032050064,0,-45.35802469,-36.85398567,-244.144253,58.260964,-135.8267359,-30.63817009,0.3431125,-0.88295,0.22996875,-0.357471041,-0.970956977,0.81656754,5.207590306,43.19656752,-0.438375749,-0.698447898,-0.466666667,-0.475132307,1.631987234,0.765476102,0.472339172,0.596352512,1.058962317,1.070447425,0.598206014,1.518416935,1.35984327,0.480218625,-0.327301447,2.350960713,0.524598427,0.368369002,0.437030743,0.580454077,0.180066199,0.25,39.49,28.25,-0.495767231,15.91210237,0,3.894414,0.8747,2,0,O=C(O)C(Cl)Cl,1
4.833333333,141.3734619,-0.026639659,-0.09680748,0.074623451,-27.42078189,-23.25133066,-248.9833002,-1848.878759,-47.98267023,174.5848276,-0.161704167,-0.92866875,-0.507616667,-0.142976568,-2.438408433,-3.817269595,4.299918487,38.49950639,-0.314313564,-0.310040536,-0.264367816,-0.270225291,1.045685439,0.820857446,0.655280189,0.504583186,0.672777581,0.531601798,0.708802397,0.829893108,1.106524144,0.423274102,-0.379418188,2.211872779,0.412250618,0.300191741,0.914733264,0.730364838,0.198899864,0.333333333,66.15361177,31.66716876,-2.302525941,11.56648989,0.212962963,5.632414,1.5397,0,1,O=C1C=C(Cl)C(=O)C(Br)=C1,3.568636236
4.125,142.327325,-0.224593107,0.368245958,-0.23804113,-7.615895062,-8.611284923,-264.35957,-3344.592108,-43.12650101,-212.6709561,0.903152734,-0.400044922,0.706741406,0.701746578,-5.128608409,-12.93340055,3.835667083,60.27956597,-0.022913719,-0.643148874,-0.190306486,-0.014953468,1.485359036,0.533389803,0.478864391,0.487107608,0.661120233,0.916927644,0.46301666,0.644945048,0.894845226,0.469251769,-0.326708232,2.143244933,0.370385018,0.247634392,0.783011693,0.546179092,0.270824898,0.422180469,66.0045,31,-1.694380518,16.18236008,0.78962963,9.564035,1.695,0,1,O=C(O)c1cc(I)ccc1O,2.918112861
2.5,162.6315628,-0.071160597,0.004920092,0,-42.70485529,-32.11343122,-1462.29767,52.41325778,-184.6816867,37.77574481,0.602837037,-1.443917284,0.414362963,-1.772107645,-0.429999902,-1.229580949,3.785241918,58.5243008,-0.472546342,-0.826129862,-0.5,-0.365792742,1.830545821,0.544993308,0.46622007,0.519435401,1.167727167,0.904179512,0.491940119,1.25866151,1.309064502,0.381168051,-0.3578548,2.356313041,0.508483838,0.31363964,0.163663418,0.658787388,0.085317803,0.444444444,48.14483699,23.76608334,-0.697422807,11.23726938,0,5.690828,-0.1334,0,1,NC(=O)CBr,4.659555885
4.25,144.3728445,-0.090693572,0.071531359,-0.024379439,-13.43377534,-17.06226185,403.6380814,2623.921469,76.77272614,-246.3326517,0.398523457,-0.681165432,0.084918519,2.307881576,1.795626251,-2.119072906,4.778025453,43.45842347,0.062934616,-0.75388481,-0.4,0.062472291,1.657527487,0.643775054,0.466167176,0.740704559,0.782126042,1.198072894,0.57574989,0.663834057,0.785755346,0.473585352,-0.325094206,2.240998465,0.563991593,0.406572748,3.662723762,1.239965881,0.074505253,0.222222222,90.98994601,58.40936114,-1.885349325,11.07583268,0.481481481,6.011207,2.4248,2,0,O=C(O)C(Br)=C(Br)Br,1
4.045454545,154.4718697,0.386616067,-0.695502547,0.677143295,34.27222222,-13.9220311,137.634428,1111.530582,484.3834019,1592.854042,-1.351993388,0.322378512,-2.555590909,8.537621438,17.19532052,30.46293619,3.22801089,66.41263725,0.116255751,-0.574294798,0.084752652,0.069251124,1.578962296,0.878759582,0.856112642,0.504330281,0.601757737,1.030837739,0.88649959,0.972961696,0.983769078,0.430742129,-0.356378383,2.119307255,0.119356717,0.076195345,3.824678888,1.179425017,0.198458944,1.56261108,80.96885857,56.37063785,-3.854728699,70.75167855,1.186806605,31.403726,-0.7514,2,0,Nc1c(I)c(C(=O)NC(CO)CO)c(I)c(C(=O)NC(CO)CO)c1I,1
5,163.3307244,-0.028604217,0,0,-54.7558299,-50.5965869,1307.805751,-3500.216592,26.28997983,0,-0.154397959,-0.660465306,0,1.734869306,-5.746364082,-2.957477002,8.006427125,23.79572286,-0.48193331,0.053877021,-0.328282828,-0.3882365,1.262721592,0.975580556,0.479437763,0.855747063,0.765823792,0.501012682,0.833058092,0.916277574,1.190515394,0.504775652,-0.388021418,2.388647202,0.487902541,0.750417692,1.82881494,1.122358684,0.079549538,0.285714286,78.74720466,54.59543079,-2.260943041,7.739954172,-1.680555556,4.436,1.903,0,1,O=[N+]([O-])C(Cl)(Br)Br,4.36552273
3.571428571,156.7615225,0.042416066,-0.025014437,0,-48.17146776,-38.52389237,-840.4085334,-265.7309015,-146.4782069,-59.5532769,0.404003125,-0.9838625,0.256054687,-0.3229017,-1.700579432,-0.076451881,5.303338233,51.75142581,-0.423263626,-0.712547858,-0.466666667,-0.40795506,1.633173168,0.733313606,0.465649294,0.590764366,1.106935995,1.060096299,0.572199502,1.193140092,1.272928988,0.471691152,-0.328265622,2.348260392,0.541545148,0.375072926,0.713211048,0.767944899,0.108122817,0,65.022375,30.75,-0.766327226,15.36218858,-0.946759259,4.764414,1.0308,0,0,O=C(O)C(Cl)Br,3.107905397
3.571428571,142.7222246,0.010674817,-0.015271726,0,-52.22320988,-40.69749491,126.6404049,-4440.405907,-157.8797644,-198.828556,1.2545125,-2.45155,0.47796875,2.357141816,-10.62295079,-5.518770133,5.425893926,95.51505814,-0.166282171,-0.734812707,-0.466666667,-0.084155827,1.638775447,0.684568054,0.45639878,0.641986103,0.979627208,0.87189453,0.363023651,0.566023759,0.955878563,0.460774534,-0.329610537,2.138155347,0.566845706,0.385116602,1.854800653,1.123222275,-0.01100181,0.25,85.2155,64.25,-1.185932629,13.00720029,-0.291481481,10.234414,1.2671,0,1,O=C(O)C(I)I,3.48148606
3.75,143.7299848,-0.023554155,-0.006665687,0.034401006,-19.0728738,-5.145667894,126.4632566,-434.583945,-131.0905856,-428.4689073,-0.009193359,-0.272313281,-0.095758594,-0.203245503,0.013299069,-0.469753592,1.4241225,57.19434656,-0.192664873,-0.119044538,-0.225806452,-0.128991699,0.823211825,0.76039454,0.463196303,0.468832227,0.599881384,0.502090001,0.529501665,0.859623816,0.965774345,0.345588016,-0.408347799,2.189899332,0.399389887,0.135093157,0.897100865,0.506774648,0.283281636,0.75,48.88575,24.25,-3.138564041,0,1.010694444,7.969242,2.51518,0,0,N#CCc1ccccc1Br,2.783042793
3.6,154.2059327,-0.221991515,-0.053687951,0.25800619,-65.95498971,-53.7628315,1943.264299,-2562.548174,347.9106362,-653.6385225,1.423228516,-2.973132422,-0.212821875,3.349905244,-1.701580053,-0.879220937,4.567204647,54.38435673,-0.1404404,-0.611015775,-0.262857143,-0.120902614,1.518402958,0.571230401,0.467499032,0.516294376,0.683840073,0.755762305,0.432487169,1.270695242,1.1903616,0.438867078,-0.385121801,2.293734159,0.404591995,0.257308991,2.643311112,0.971878095,0.140388174,0.422180469,56.93869209,28.85845859,-1.518979336,20.64251794,-1.431712963,9.645242,1.3801,0,0,CC(=O)C(Cl)(Br)CC(=O)O,4.539102157
3.571428571,153.8936434,-0.03650031,-0.443373959,0.666173541,-53.405426,-29.33028426,379.213241,147.891404,270.9580345,-752.5753518,1.991128889,-0.839950222,-2.750762667,1.805213865,-1.965285425,-11.48258478,5.376091297,48.50893966,0.16296969,-0.76745983,-0.284090909,0.131739736,1.688387801,0.49095799,0.432342225,0.525152179,0.662599343,0.961744506,0.398747887,1.049366327,0.946553854,0.481691793,-0.329907166,2.22420964,0.314155957,0.225393991,1.174111515,0.776492552,0.195361976,0.7169925,54.11517823,27.17863479,0.03621899,22.15166537,-0.319444444,8.132035,0.8245,0,0,CC(C(=O)O)=C(Br)C(=O)O,2.278189385
4,159.3540721,0.042929904,0,0,-6.861678005,-9.133538395,559.501359,-1084.06357,87.00906048,0,-0.503753061,0.057697959,0,1.713781959,-2.973164266,1.72879231,3.9443243,33.82556665,-0.306887334,-0.258843675,-0.222222222,-0.357993049,1.297147612,1.064456984,0.850038864,0.736026166,0.55245634,0.702250453,1.026649483,1.64737467,1.098271135,0.430629126,-0.36872648,2.342935007,0.568538886,0.466807902,0.454568645,0.684126676,0.161057406,0.679269643,35.02791438,35.14007055,-1.704362472,10.07869646,-1.722222222,3.401207,1.5555,0,0,O=CC(Cl)(Cl)Cl,2.935542011
4.428571429,146.3038898,0.097599491,-0.04193176,0,-52.70061728,-39.53510802,4685.246054,-3752.064464,169.5196938,-294.0521138,0.3152125,-0.49955,0.11296875,5.382094733,-6.105575831,-3.853855617,5.398083848,48.75271794,0.009717954,-0.708314974,-0.392405063,0.00970348,1.680066405,0.782440946,0.471339531,0.786990004,0.546838466,1.261734444,0.517380369,0.751219494,0.764658034,0.478597953,-0.326648493,2.330693101,0.551066814,0.393539262,2.743655464,1.438591461,-0.013221602,0.594360938,63.78568363,66.59210153,-1.84955876,13.21862722,-1.145833333,6.011207,1.9095,2,0,O=C(O)C(Br)(Br)Br,2.609064893
2,184.2118627,0.015730423,-0.015361062,0,-32.33057851,-6,118.8475167,-333.4141668,223.2307041,139.3862644,0.076722314,-1.068879339,-0.938578512,0.930169112,-1.661218239,-2.498997374,2.909090909,37.83071161,0.119049907,-0.285639762,-0.52173913,0.109312895,1.475198676,1.834911808,0.322265625,0.831363019,0.721893631,0.315400756,0.770907291,2.298705198,0.718066945,0.24108606,-0.357495671,2.460236728,0.680865702,0.132088028,0.081649658,0.397592963,0.244480625,1.591797728,19.6935654,15.14679479,0.191214804,19.10425649,0,7.457242,0.2294,0,0,CN(C)N=O,2.021819483
4.833333333,139.9298539,-0.018451065,-0.108012093,0.077031192,-28.86831276,-23.63638117,-617.6884807,-3819.896881,-37.15690504,218.185279,-0.147266667,-0.9267,-0.561466667,-0.040214053,-3.603927206,-4.443228284,4.356379077,42.95506328,-0.255149323,-0.328000004,-0.264367816,-0.227150314,1.053287269,0.798541287,0.650911853,0.526903198,0.702537597,0.525808064,0.701077419,0.770665015,1.027553353,0.418138196,-0.379946179,2.211235411,0.432609849,0.308439527,1.125814613,0.864152964,0.16562578,0.833333333,61.94420912,49.72431251,-2.532926656,11.56648989,0.596064815,6.502414,1.6958,0,1,O=C1C=C(Br)C(=O)C(Br)=C1,3.484921325
4.833333333,139.6687275,-0.024785217,-0.099155367,0.075097604,-27.70222222,-23.30426338,-643.796002,-3955.244214,-32.53104308,212.4214332,-0.0864,-0.9608,-0.9113,-0.008347218,-6.136352458,-4.609774977,4.3090787,50.00353509,-0.245105704,-0.313617903,-0.264367816,-0.175101439,1.047266419,0.816884812,0.654631298,0.504669311,0.672892414,0.494330061,0.659106748,0.699097811,0.932130415,0.422388003,-0.379520912,2.146465764,0.416065928,0.301739386,1.060062827,0.761979883,0.19086519,0.333333333,80.1947149,37.04461251,-2.394051846,11.56648989,0.370462963,7.932414,1.5798,0,1,O=C1C=C(Cl)C(=O)C(I)=C1,3.480959961
4.833333333,150.9346416,0.045141888,-0.108105144,0.037830502,-14.86728395,-6.013543572,-86.14897071,-624.8569729,-61.1131715,-106.6658925,0.411833333,-0.4091,-0.783166667,-0.13051687,-2.0243523,-4.822349584,2.414616198,34.70484698,-0.279486051,-0.726952697,-0.333333333,-0.20811167,1.696398504,0.806112496,0.575577225,0.540266379,0.682667416,0.856160683,0.565396377,1.196825751,1.265221349,0.465548879,-0.367829471,2.215035489,0.380259751,0.32755592,1.005975408,0.521991556,0.271514772,0.166666667,59.2821349,29.27719376,-3.633333173,4.983978521,0,4.974414,2.3351,1,2,O=c1[nH]c(Cl)c(Cl)cc1Cl,4.835647144
2.5,162.6315628,-0.071160597,0.004920092,0,-42.70485529,-32.11343122,-1462.29767,52.41325778,-184.6816867,37.77574481,0.602837037,-1.443917284,0.414362963,-1.772107645,-0.429999902,-1.229580949,3.785241918,58.5243008,-0.472546342,-0.826129862,-0.5,-0.365792742,1.830545821,0.544993308,0.46622007,0.519435401,1.167727167,0.904179512,0.491940119,1.25866151,1.309064502,0.381168051,-0.3578548,2.356313041,0.508483838,0.31363964,0.163663418,0.658787388,0.085317803,0.444444444,48.14483699,23.76608334,-0.697422807,11.23726938,0,5.690828,-0.1334,1,2,NC(=O)CBr,3.959793372
4.4,151.8967813,0.034440481,0,0,-14.15409236,-11.23534268,-356.343336,-984.8170854,11.16038776,0,-0.113675,0.053625,0,0.296725,-1.299375,0.717553939,3.027541745,10.57176147,-0.473894627,-0.359288335,-0.103896104,-0.350467,1.6235777,0.828713962,0.539588718,0.8303136,1.003437449,1.249843848,0.916837691,1.038697666,0.859138267,0.410361317,-0.391209102,2.298803637,0.522078671,0.692695064,0.641702229,0.836081975,0.115346077,0.333333333,69.53928895,41.22757085,-2.100904534,3.242622138,-1.395833333,2.97,2.03628,0,0,N#CC(Cl)(Cl)Br,4.990549104
4,159.3540721,0.042929904,0,0,-6.861678005,-9.133538395,559.501359,-1084.06357,87.00906048,0,-0.503753061,0.057697959,0,1.713781959,-2.973164266,1.72879231,3.9443243,33.82556665,-0.306887334,-0.258843675,-0.222222222,-0.357993049,1.297147612,1.064456984,0.850038864,0.736026166,0.55245634,0.702250453,1.026649483,1.64737467,1.098271135,0.430629126,-0.36872648,2.342935007,0.568538886,0.466807902,0.454568645,0.684126676,0.161057406,0.679269643,35.02791438,35.14007055,-1.704362472,10.07869646,-1.722222222,3.401207,1.5555,0,0,O=CC(Cl)(Cl)Cl,2.935542011
3.571428571,156.7615225,0.042416066,-0.025014437,0,-48.17146776,-38.52389237,-840.4085334,-265.7309015,-146.4782069,-59.5532769,0.404003125,-0.9838625,0.256054687,-0.3229017,-1.700579432,-0.076451881,5.303338233,51.75142581,-0.423263626,-0.712547858,-0.466666667,-0.40795506,1.633173168,0.733313606,0.465649294,0.590764366,1.106935995,1.060096299,0.572199502,1.193140092,1.272928988,0.471691152,-0.328265622,2.348260392,0.541545148,0.375072926,0.713211048,0.767944899,0.108122817,0,65.022375,30.75,-0.766327226,15.36218858,-0.946759259,4.764414,1.0308,2,0,O=C(O)C(Cl)Br,2.438898616
3,164.6469739,0,0,0,0,0,-1407.157755,0,-129.7494652,0,-0.1323,0,0,-1.442367847,0,0,0.023379058,52.35303,-0.038981524,-0.626988985,0.25,-0.05340908,1.753977969,0.497348021,1.14335463,0.792942367,1.138038422,0.622699387,1.251533742,1.589772759,0.606818161,0.328237152,-0.169757874,2.406943367,0.388059921,0.677106068,0,0.965556319,-0.015086462,0.4,61.89863157,37.48241809,-2.003197445,3.745537714,-0.409722222,3.403207,2.1425,2,0,ClC(Cl)Br,1
6,135.4641615,-0.03600578,-0.079369433,0.08663128,-24.47462277,-24.90543553,-3256.128513,-4350.630273,-6.030730616,-93.00960682,-0.365066667,-0.5676,-0.385066667,-0.596610667,-3.667308,-3.170586422,4.387764822,16.50672291,-0.111152709,-0.175152163,-0.333333333,-0.159895114,0.986062923,0.993638265,0.677088716,0.707951745,0.943935661,0.681389975,0.908519967,0.678189115,0.904252154,0.438179057,-0.37623284,2.203076067,0.380479048,0.276731653,3.814397733,1.390261124,0.094943974,1.666666667,60.62807603,98.70777504,-4.574331926,11.56648989,0.953981481,7.256,3.141,0,1,O=C1C(Br)=C(Br)C(=O)C(Br)=C1Br,4.568636236
2.4,150.9638748,-0.007448637,0,0,-17.02979424,-13.35449607,-5095.028381,-627.9651519,-257.1603938,0,0.171911111,-0.455033333,0,-6.958997316,-0.845754518,0.618259659,3.212629246,88.1567342,-0.872181236,-0.09154488,-0.357142857,-0.379015664,0.800122754,0.756937054,0.498908809,0.562801791,1.349702037,0.514920154,0.367925,0.807780843,1.089393402,0.339788736,-0.405788695,2.16816827,0.738900477,0.325338418,0,0.564993081,0.06947891,0.333333333,71.59015076,32.07619168,-1.313345486,4.427552402,0.595,6.256414,0.94498,0,1,N#CCI,4.879426069
4.733333333,145.9369454,-0.049313785,0.082873526,0.02624886,3.167700046,-2.992135218,-222.8896535,-1801.552094,-32.84846771,1.243276437,0.561952,-0.436248,-0.773236,0.385110264,-3.674626506,-12.06074521,5.117419685,40.2684369,-0.230568076,-0.280616491,-0.160557185,-0.16200834,1.135028126,1.001718688,0.463253202,0.504900266,0.669474424,0.568738377,0.564620057,0.701943349,1.154347317,0.513571648,-0.38615669,2.190677281,0.427325613,0.266715629,1.004261412,0.575964356,0.275935743,0.133333333,65.75322918,31.77604351,-2.999949996,10.02983844,0.209907407,6.065621,2.7163,0,0,O=[N+]([O-])c1cc(Cl)cc(Br)c1O,4.096367484
4.4,143.744637,0.202514168,-0.169382121,-0.04131613,-21.58748971,-1.586152517,-56.01245112,-372.1365055,-8.386759642,125.3809752,-0.404990222,0.227232,-1.204422667,0.39196317,-3.376015976,-12.39663451,3.062002066,44.53246388,-0.11952327,-0.472430077,-0.272450111,-0.097230423,1.244284251,0.755598041,0.733980651,0.499045851,0.632872391,0.800445595,0.740114071,0.844011995,1.054994365,0.413440346,-0.37213767,2.187191226,0.494299537,0.287141146,0.800543462,0.487600811,0.291613555,0.266666667,49.75112622,25.00409981,-2.702913078,11.39268792,0,5.900828,2.5115,0,0,O=Cc1cc(Cl)c(O)c(Cl)c1,3.494850022
5,154.4739157,-0.309971193,0.22946494,-0.065054253,-23.81481481,-11.47463735,-266.6968649,111.2862234,-31.97965393,-197.9279467,0.105011735,-0.402745408,0.122633163,1.051997353,-0.773459707,-14.39826737,3.43025053,39.78948223,0.121516479,-0.621110336,0.062578537,0.110007605,1.599408443,0.772326192,0.621899089,0.536422352,0.81625401,0.987081462,0.860946856,1.258389509,0.933701643,0.486886207,-0.457330577,2.229006389,0.327844468,0.270083308,1.250950841,0.818344426,0.177526995,0.142857143,54.06758696,33.76031421,-1.687249283,22.2021291,4.289074074,7.143621,1.1582,0,0,O=C1OC(O)C(C(Cl)Cl)=C1Cl,3.560667306
4.5,144.1735805,0.225862306,-0.367473166,-0.028607198,-33.03395062,-7.085924402,-12.22454264,-432.5020283,-18.89659566,-82.32242542,0.694998437,-0.388617187,-2.543634375,0.35401975,-3.005913701,-11.90246612,3.758954428,41.85359595,-0.107884862,-0.656272952,-0.27090301,-0.087304196,1.499888068,0.582054121,0.487700809,0.532836591,0.602474685,0.992973676,0.507091805,0.792832906,1.10000949,0.460831732,-0.327764229,2.186974288,0.350719821,0.232937829,0.872361158,0.532035863,0.280450203,0.375,51.753,26,-2.131742553,16.18236008,0,5.900828,2.3972,0,0,O=C(O)c1cc(Cl)c(O)c(Cl)c1,2.665546249
2.5,162.6315628,-0.071160597,0.004920092,0,-42.70485529,-32.11343122,-1462.29767,52.41325778,-184.6816867,37.77574481,0.602837037,-1.443917284,0.414362963,-1.772107645,-0.429999902,-1.229580949,3.785241918,58.5243008,-0.472546342,-0.826129862,-0.5,-0.365792742,1.830545821,0.544993308,0.46622007,0.519435401,1.167727167,0.904179512,0.491940119,1.25866151,1.309064502,0.381168051,-0.3578548,2.356313041,0.508483838,0.31363964,0.163663418,0.658787388,0.085317803,0.444444444,48.14483699,23.76608334,-0.697422807,11.23726938,0,5.690828,-0.1334,0,0,NC(=O)CBr,5.723538196
3.4375,142.8996372,0.000165683,-0.010644244,0.000805357,-14.93902178,0.76150609,118.462247,-996.0719347,-81.69488191,-347.3182719,-0.0181125,-0.117492187,-0.1501875,0.011510825,-1.680764484,-4.796423895,0.34281463,62.34740626,-0.145002797,-0.274684071,-0.244094488,-0.112183557,1.165069106,0.924984235,0.917677033,0.469197754,0.611717654,0.683770883,0.792362768,0.874333781,1.000561272,0.324095953,-0.312084309,2.187390797,0.191110587,0.142979806,0.719705891,0.583919295,0.2413034,1.147782999,45.636,22.75,-2.938256268,0,0.933425926,8.402449,3.0522,0,0,C=C(Br)c1ccccc1,3.286509457
4.076923077,138.9859546,0.051139441,-0.091648402,0.065563059,-20.08422789,-2.297208111,-965.0204783,-6666.445407,-40.05552942,-62.6431332,0.003180473,0.132813609,-0.562028994,-0.015156356,-8.121823274,-8.599681228,1.654401645,71.9563524,-0.177610176,-0.574532493,-0.327793167,-0.126210401,1.358526552,0.58672358,0.62524299,0.50761531,0.688437403,0.956350593,0.614620737,0.578263398,0.885662316,0.379266261,-0.29198337,2.143658798,0.732666846,0.423825867,1.088745553,0.619321511,0.241362949,0.365760577,85.08307184,38.71229244,-3.159912853,5.106527395,1.853402778,9.072828,2.7593,0,1,Oc1ccc(I)cc1Br,3.555018888
3,150.1075782,0,0,0,0,0,-1777.356441,0,-164.4150163,0,-0.106704,0,0,-1.982286297,0,0,0.013600823,65.89349058,-0.15908655,-0.601078067,0.25,-0.249495066,1.702156133,0.531895911,0.061775088,1.068982546,0.954011636,0.577531646,1.28164557,1.001514803,0.998990132,0.293377152,-0.163943341,2.39529887,0.333333333,0.649859138,0,1.707106781,-0.274094079,0.9509775,41.37773568,49.67953177,-2.489643385,2.645710119,0.270833333,5.143207,2.4547,1,2,BrC(Br)Br,3.698970004
4.538461538,142.588524,0.115814225,-0.121647508,0.083303748,-19.61604208,-0.297992711,-105.5884962,-1207.188076,-32.64293989,37.46351216,-0.074365089,0.00981716,-0.573178698,-0.047114336,-3.515301754,-6.816789878,1.563326055,43.28123066,-0.320773537,-0.547527333,-0.269835035,-0.286708619,1.345209438,0.696999797,0.65134578,0.518703888,0.655111756,0.980131841,0.651043675,0.800873268,1.214611848,0.408122802,-0.282563154,2.190069423,0.63803248,0.370636864,0.854016943,0.526755508,0.272946897,0.673452885,56.20341704,27.89562249,-3.371932387,5.106527395,0,4.539621,3.3524,0,1,Oc1c(Cl)cc(Cl)cc1Cl,3.211266141
3.6875,143.7299848,-0.031893744,0.026162199,0.022354187,-16.73028121,-5.341848449,126.4632566,-1302.676633,-131.0905856,-149.6917622,-0.009193359,-0.434313281,0.128003906,-0.203245503,-2.377550876,-4.64250413,1.4241225,57.19434656,-0.192664873,-0.145146812,-0.308387097,-0.128991699,0.832838037,0.745840106,0.458238734,0.468832227,0.599881384,0.502090001,0.529501665,0.859623816,0.965774345,0.342737484,-0.408391162,2.190514987,0.402599137,0.136090813,0.572972802,0.492001887,0.281689672,0.625,48.88575,24.25,-3.138564041,0,1.050175737,7.969242,2.51518,0,0,N#CCc1ccc(Br)cc1,2.698752911
2.714285714,159.0748742,-0.060076107,0.006270674,0,-49.48525377,-41.17702975,-1834.088217,28.395168,-218.3183673,43.37626805,0.7877125,-1.74695,0.40321875,-1.912429423,-0.553196845,0.45301352,5.374687875,57.1120346,-0.497093576,-0.769646382,-0.483870968,-0.443598782,1.62976672,0.587583647,0.433080645,0.534900257,1.279365162,0.933742244,0.484406723,1.247026537,1.335034536,0.443180871,-0.331973825,2.359580276,0.591612336,0.386046845,0.126773138,0.640101792,0.090127784,0.25,51.8535,25,-0.482338383,16.40592233,0,5.257621,0.4659,1,2,O=C(O)CBr,3.534468443
3.636363636,151.1720466,-0.112986097,-0.452883045,0.73210393,-40.84003963,-44.18534713,-240.8816644,-1040.403129,-46.37018425,-130.9088516,1.058305556,-1.935022222,-1.014933333,0.552446592,-2.160548326,-4.970657736,5.998649096,43.53926087,-0.166044608,-0.778767978,-0.311081442,-0.134062432,1.681562163,0.510465593,0.509453488,0.543838806,0.795897937,1.107662426,0.517401864,0.942288601,1.181957164,0.483598357,-0.328856652,2.241718268,0.320675089,0.229793133,0.526584101,0.640475611,0.214417202,0.5,58.24608074,28.08220626,0.426276761,22.15166537,-0.365740741,6.125621,0.4344,2,0,O=C(O)C=C(Br)C(=O)O,2.229147988
3.375,145.2480292,-0.189846116,0.09737221,-0.02348383,-11.43446155,-17.85945745,4797.336672,-4617.704639,88.89587421,-29.34604941,0.7054,-1.125,-0.325,5.513496019,-2.21452669,0.556212058,4.763771117,70.40166886,-0.075932822,-0.821967759,-0.1,-0.049744358,1.687715722,0.44946999,0.421331376,0.6095193,0.547307269,0.925278407,0.508229521,0.638593137,0.883266926,0.457015299,-0.327534152,2.15099254,0.594384869,0.409595729,0.745088449,0.952118572,0.110701927,0,97.51217625,43.67452224,-1.144503794,11.07583268,0.595,7.934414,1.7423,0,0,O=C(O)/C=C(\Br)I,3.838631998
3.5,144.7425983,0.040345133,-0.047378791,-0.003087001,-22.48013102,-1.397457008,28.64077829,-1262.846548,-21.32922512,-655.4064788,0.007485714,-0.214434694,-0.086587755,0.704149677,-2.70306791,-12.49317033,0.635679786,73.22270021,-0.202322924,-0.625789818,-0.333333333,-0.114480444,1.715532174,0.607603853,0.661839105,0.473765494,0.621920128,1.351926091,0.678292455,0.656596024,0.968434715,0.34069809,-0.295650455,2.143520949,0.615922398,0.241882832,0.9413793,0.488773312,0.271516442,0.857142857,59.42070799,27.99749371,-2.390039453,0,1.115833333,9.129242,1.8734,0,1,Nc1ccccc1I,2.618451744
3.166666667,152.4101119,0.014393549,0,0,-11.74457602,-11.86920859,-443.057945,-3021.708193,-124.3792064,0,-0.48804898,-0.088432653,0,0.033711115,-3.320045205,-0.10397251,4.166138266,67.58388051,-0.262464514,-0.14840553,-0.282051282,-0.240557676,0.917913668,1.053089354,0.811300221,0.632165664,0.985056356,0.54669561,1.004132497,1.119843283,1.02459,0.385148797,-0.374147428,2.349841836,0.688208961,0.328580158,0.524890659,0.971140872,-0.005173489,0.285714286,58.12036489,44.97021391,-1.586686276,10.02260262,-0.171296296,5.634414,1.3012,2,0,O=CC(Br)Br,3.954677021
4.4,138.592804,0.159031907,-0.137666406,-0.049799859,-25.4447144,-2.927889341,-1520.73791,-7583.205232,54.43605754,368.000798,-0.306120889,-0.401365333,-0.656177333,0.670729955,-14.77030193,-18.65550907,3.14331438,73.43049426,0.088282781,-0.481769974,-0.272450111,0.055266026,1.247527872,0.713245242,0.726216957,0.516484263,0.701160653,0.762975715,0.701443952,0.56145511,0.691797574,0.402862602,-0.372232195,2.131316008,0.530699714,0.30768567,1.542783722,0.659406625,0.251915765,0.266666667,97.38966647,43.75717467,-3.31140128,11.39268792,1.41037037,12.240828,2.4139,1,2,O=Cc1cc(I)c(O)c(I)c1,4.982966661
4.333333333,140.4579657,0.009906239,-0.147810006,0.085570065,-31.07259259,-22.95065319,-336.4543362,-2330.596088,-83.68578657,-94.55880802,-0.0273375,-1.13601875,-1.12235,-0.047314505,-3.480181719,-4.156323213,4.348337443,59.94702525,-0.276078279,-0.398013926,-0.313131313,-0.18168587,1.085876488,0.723525765,0.638453497,0.482199762,0.642933015,0.469231438,0.625641918,0.708151405,0.944201873,0.406074394,-0.381166374,2.146634341,0.453781087,0.300034377,0.834422762,0.654310449,0.205380719,0.729573959,69.90437879,32.26466251,-1.564984886,11.56648989,0.486203704,8.425621,1.0133,0,1,O=C1C=CC(=O)C(I)=C1,3.953114809
4,166.0054907,-0.084427804,0,0,-59.06430391,-53.1138546,-913.159206,-2046.145642,-156.1426458,0,-0.050126531,-1.21255102,0,-1.050064156,-3.145799143,-2.108072931,8.149005487,47.60425737,-0.509381794,0.185907858,-0.377777778,-0.386007917,0.929672785,0.918919301,0.460078655,0.689500999,1.048652266,0.310365385,0.818053119,1.000059021,1.19671962,0.530148144,-0.393209835,2.410563292,0.5,0.60569837,1.050380986,0.947428082,0.06316278,0.285714286,64.93301319,48.17861954,-1.647423195,8.783687926,-0.800925926,4.929207,1.3365,0,1,O=[N+]([O-])C(Br)Br,4.543633967
4.538461538,139.6058839,0.131757596,-0.110048212,0.054814832,-19.06639199,0.352784597,-842.2917484,-6105.922209,-10.70661955,194.0754527,-0.019995858,0.576401775,-0.833578698,-0.091475523,-9.535212973,-8.058551171,1.59420777,58.76389677,-0.199376578,-0.550631996,-0.269835035,-0.148888955,1.35123448,0.711430839,0.65465773,0.512091109,0.692972345,0.941505308,0.620202665,0.609199156,0.932798023,0.405294836,-0.28593125,2.143196465,0.662631345,0.384926219,1.087611834,0.614450215,0.251057874,0.307692308,82.23487186,38.14299402,-3.695601953,5.106527395,0.907777778,7.709621,3.3036,0,1,Oc1c(Cl)cc(I)cc1Cl,3.647238808
4.5,141.9140201,0.187978272,-0.307234187,-0.081113669,-35.21905007,-7.818655425,-505.111046,-2675.514728,5.808974681,-6.893552622,0.73174375,-0.41821875,-2.4255375,0.71412009,-4.732457791,-13.31677433,3.839965653,50.27293011,-0.005380878,-0.665387868,-0.27090301,-0.004316607,1.507176234,0.559602575,0.484902026,0.514184239,0.690652792,0.993238739,0.493783201,0.663335901,0.919866319,0.459346783,-0.327956304,2.18601552,0.365780082,0.242558931,1.311946676,0.660236313,0.252063289,0.375,73.9785,35,-2.58877104,16.18236008,0.71162037,7.640828,2.6154,1,2,O=C(O)c1cc(Br)c(O)c(Br)c1,3.945004138
4.153846154,143.3362234,0.173177542,-0.077993551,-0.021540225,-18.07334356,0.010073872,-7.746926142,-106.3805885,-88.24543154,-286.9441312,-0.019379882,0.584459172,-0.838636095,-0.319468782,-1.857737251,-6.846170561,1.598432192,49.60436549,-0.35553371,-0.545668959,-0.327793167,-0.295156622,1.351201251,0.763685178,0.674684461,0.492574581,0.609044978,0.939260485,0.619961514,0.819078942,1.231076719,0.400275408,-0.284518191,2.192930976,0.628220975,0.364936421,0.690353526,0.461063453,0.286273045,0.519606731,46.39867503,23.34123515,-2.590197482,5.106527395,0,5.032828,2.699,0,1,Oc1c(Cl)cccc1Cl,2.720036633
4.4,141.3823693,0.166407941,-0.143002078,-0.048410702,-24.77029721,-2.754316415,-470.829914,-2651.52069,20.50236821,214.7571615,-0.383854222,0.163968,-1.142010667,0.75305681,-5.329234393,-14.34419158,3.131898339,53.40405122,-0.014074729,-0.480477988,-0.272450111,-0.011570706,1.2472475,0.720139276,0.727158341,0.506122986,0.681727634,0.803796042,0.734327803,0.71950387,0.884195737,0.404438995,-0.372215464,2.186227143,0.524410072,0.304136527,1.24012898,0.61831588,0.260646012,0.266666667,72.9064854,34.38063724,-3.169862185,11.39268792,1.01662037,7.640828,2.7297,0,1,O=Cc1cc(Br)c(O)c(Br)c1,2.455931956
4.6,146.3802361,-0.018434019,0.003527231,0,-16.60438957,-0.945374657,-1489.006887,-6625.349552,-91.0222514,90.3441326,0.171135,-0.304965,0.068445,-1.517191255,-4.637523749,-1.848541821,0.239215535,55.15435183,-0.485779924,-0.723155233,-0.263157895,-0.364307376,1.811010352,0.888041959,1.182169084,0.594041279,0.774172508,1.192329667,0.694186545,0.968450008,1.334794677,0.364639861,-0.315633671,2.242199529,0.736158703,0.359616001,1.870304424,0.755284758,0.200019525,0.2,100.9131995,45.84260771,-3.99991966,4.983978521,2.962962963,6.716414,3.3022,2,0,Brc1cc(Br)c(Br)[nH]1,3.524328812
4.285714286,142.3760629,0.069206959,-0.092308021,0.060546963,-28.27311665,-0.225084247,-812.3241899,-7358.885309,145.6593944,-146.8858655,0.089710714,-0.023395408,-0.370423469,0.999420834,-7.014989882,-13.93848986,0.598307456,62.30839419,-0.086804688,-0.673372484,-0.228070175,-0.06421523,1.75959499,0.604938572,0.665160617,0.537475813,0.705850326,1.187092177,0.554463862,0.59668353,0.917131446,0.365098359,-0.294901231,2.187791583,0.653116013,0.257184905,1.588407068,0.757042434,0.219995483,0.76820625,89.55102702,41.59518986,-4.265270042,0,2.794398148,7.582828,3.5563,0,1,Nc1c(Br)cc(Br)cc1Br,3.249645911
3.571428571,152.5301345,0.019432067,-0.017958838,0,-51.0521262,-40.21352023,-325.0838735,-1083.762296,-147.8002363,-91.05989526,0.46945,-1.0868,0.280875,0.137423891,-2.619426887,-1.302302219,5.396621013,59.7879818,-0.333264547,-0.728942858,-0.466666667,-0.300020189,1.637664726,0.697951047,0.458127428,0.628061671,1.005224242,1.05082551,0.543563181,0.96765182,1.143543253,0.463693857,-0.329232611,2.345557661,0.55962926,0.382263813,1.159543315,1.004749976,0.023573921,0.25,61.7155,46.25,-1.013976629,14.81227478,-0.606481481,5.634414,1.1869,0,1,O=C(O)C(Br)Br,2.333032982
4.0625,144.2011311,-0.005225431,0.038716477,-0.028153348,-18.66087963,-5.70376086,110.8225571,113.4015989,-53.19527109,-6.729274985,0.068262891,-0.350275781,0.096616406,0.026423523,-0.646805825,-4.055947144,1.375338173,49.62122788,-0.2152271,-0.213857492,-0.283708609,-0.151234547,0.894355862,0.79144159,0.437863587,0.469397723,0.600128385,0.470911368,0.504127056,0.90336769,1.01510254,0.359341493,-0.408377189,2.188098981,0.372440633,0.125898025,0.92235132,0.500296347,0.28688739,0.672180469,46.38425,23.75,-3.666978911,0,0,6.606035,3.05948,0,0,N#CCc1ccc(Cl)c(Cl)c1,4.080921908
4.272727273,156.0378357,0.253198652,-0.660680823,-0.35812618,84.5916131,-10.71881427,137.2471225,1888.002371,279.4064254,1669.113173,-1.1324,0.657,-1.7777,4.907441371,12.15568124,18.59033336,4.366488499,50.88026854,-0.021778579,-0.4284715,0.145035214,-0.015134342,1.400696282,0.953702896,0.719574978,0.503783929,0.599787012,0.846620775,0.829745849,1.169384787,1.19057857,0.510413088,-0.386437672,2.138000269,0.11214387,0.087501307,2.753487867,1.045652295,0.224230226,1.409090909,62.63244304,47.91613922,-3.764085084,75.6749896,-0.141241497,24.793312,-0.3278,2,0,O=C(NC(CO)CO)c1c(Cl)c([N+](=O)[O-])c(Cl)c(C(=O)NC(CO)CO)c1I,1
4.733333333,144.7558116,0.065058498,-0.342317218,0.056763699,-20.83647005,-1.627567444,-554.2606361,-3042.281804,-20.19661629,-16.55611719,0.5842,-0.7473,-2.6547,0.565644277,-4.489580969,-12.14883876,5.168661027,44.48014151,-0.167712509,-0.32611324,-0.270527859,-0.116095069,1.140991098,0.804707062,0.460678247,0.519524806,0.697048655,0.563303374,0.556311988,0.635352906,1.060617934,0.473561446,-0.387500871,2.190104439,0.453368182,0.262939545,1.298014829,0.640007275,0.261742286,0.266666667,77.33090877,36.46431223,-3.22172626,10.02983844,0.589953704,6.935621,2.8254,0,1,O=[N+]([O-])c1cc(Br)c(O)c(Br)c1,3.443697499
2.375,170.7316063,-0.023006169,0.002358568,-0.010318731,-27.46712803,0.121107266,47.89435727,68.0500754,-91.77118347,-462.7283091,0.532468512,-0.677612457,-1.745302422,-0.684990017,0.773400232,5.261831492,2.060553633,42.16863621,-0.378097618,-0.414341056,-0.244300912,-0.315950669,1.632665796,1.434581977,0.318100036,0.982901629,0.87582375,0.346068721,0.616972396,1.891080834,1.430843838,0.250499189,-0.351693611,2.374624162,0.546928029,0.109456388,0.240824829,0.629010452,0.171158998,1.618222059,20.33760818,19.15363627,-0.67691071,18.09842534,0,11.47007,1.0096,0,0,CCN(CC)N=O,1.89279003
2.333333333,164.6123844,0.003101781,0,0,-11.25069287,-11.33810333,-440.6493355,-20.73359504,-185.0602475,0,-0.410281633,-0.262187755,0,-1.023202822,0.048312974,2.502461796,4.082281198,52.87931299,-0.407371681,-0.137028279,-0.377777778,-0.388597109,0.80359182,1.021292509,0.80682158,0.502408585,1.271853558,0.509765089,0.952000197,1.694878326,1.166087379,0.368013027,-0.375935745,2.367617034,0.718035721,0.319087446,0,0.376500522,0.215799557,0.285714286,31.1936781,16.27270096,-0.726134037,12.16616397,0,4.387621,0.4241,0,0,O=CCCl,5.443697499
4.5,141.9140201,-0.156292513,0.255692838,-0.138573216,-10.83016118,-7.581772709,-505.111046,-3693.298691,5.808974681,25.68613546,0.73174375,-0.73021875,-0.0898375,0.71412009,-4.919043451,-13.3276268,3.839965653,50.27293011,-0.005380878,-0.637108894,-0.163879599,-0.004316607,1.484168324,0.560031235,0.487031559,0.514184239,0.690652792,0.993238739,0.493783201,0.663335901,0.919866319,0.471342675,-0.326633975,2.185917424,0.364832397,0.24453126,1.155218034,0.659744473,0.252063289,0.375,73.9785,35,-2.58877104,16.18236008,0.957268519,7.640828,2.6154,0,1,O=C(O)c1cc(Br)cc(Br)c1O,3.176199846
2.4,158.4495111,-0.006545878,0,0,-16.7741198,-13.25497971,-2041.701376,-131.3328447,-162.7735821,0,-0.027575,-0.248775,0,-1.972482571,0.010453448,1.815678886,3.197599928,61.62556067,-0.680014737,-0.090852642,-0.357142857,-0.411875325,0.808809645,0.778758387,0.499224103,0.54271096,1.3815441,0.506619832,0.737059482,1.108301896,1.021296548,0.342018226,-0.405415116,2.311564151,0.721349564,0.330826724,0,0.520640605,0.101238748,0.333333333,51.34127783,24.32130417,-1.173555642,5.330089647,0,3.956414,0.90488,1,2,N#CCBr,5.004364805
4.4,145.9559199,0.029755733,0,0,-15.31595793,-11.90867992,-42.65121531,-1955.470175,19.44647216,0,-0.1037,0.0408,0,0.5715,-1.9584,-0.518997019,3.123258067,14.34998851,-0.35505238,-0.329671184,-0.103896104,-0.264047777,1.564827155,0.830967021,0.536913369,0.898146368,0.900995525,1.185233161,0.87157661,0.882847157,0.748472716,0.399623958,-0.393088169,2.297322385,0.559466483,0.68567956,0.929196683,1.077764063,0.047883821,0.333333333,73.87298363,52.49223335,-2.34236383,2.69270834,-1.055555556,3.84,2.19238,0,1,N#CC(Cl)(Br)Br,4.004803708
2.714285714,153.8349288,-0.064491409,0.007617254,0,-50.0891358,-41.41863299,-4315.353612,-446.7588447,-304.0744835,11.91314662,1.262228125,-2.4657625,0.478992188,-5.373657017,-2.52336477,-0.815244162,5.389476318,79.45981456,-0.602597049,-0.773878053,-0.483870968,-0.363420026,1.632471042,0.579179325,0.432237214,0.544216335,1.259588664,0.870146946,0.36266429,0.855886909,1.266033733,0.441744497,-0.332164149,2.169336401,0.596310133,0.388041962,0.163663418,0.684895222,0.064719914,0.25,69.4785,31.75,-0.60967537,15.50338509,0.192222222,7.557621,0.506,2,0,O=C(O)CI,5.060480747
4.333333333,146.5826858,-0.065671735,0.183050385,-0.056117513,8.330882487,-3.135389803,-62.76695864,-1656.159935,-97.8367647,-98.61297148,0.705592,-0.362508,-0.519376,-0.057119351,-2.649731724,-12.17186566,5.149095412,44.81047503,-0.266751421,-0.304104844,-0.180986696,-0.180052491,1.148497108,0.987757216,0.456697915,0.482861954,0.638761122,0.52682999,0.522020372,0.727894085,1.181971967,0.506230937,-0.386191466,2.193718155,0.446439254,0.276811915,0.667781742,0.507977825,0.285698712,0.3169925,56.78170608,27.60869354,-2.234875571,10.02983844,0.571296296,6.558828,2.0629,0,1,O=[N+]([O-])c1cc(Br)ccc1O,3.573163546
4.5,141.9140201,0.187978272,-0.307234187,-0.081113669,-35.21905007,-7.818655425,-505.111046,-2675.514728,5.808974681,-6.893552622,0.73174375,-0.41821875,-2.4255375,0.71412009,-4.732457791,-13.31677433,3.839965653,50.27293011,-0.005380878,-0.665387868,-0.27090301,-0.004316607,1.507176234,0.559602575,0.484902026,0.514184239,0.690652792,0.993238739,0.493783201,0.663335901,0.919866319,0.459346783,-0.327956304,2.18601552,0.365780082,0.242558931,1.311946676,0.660236313,0.252063289,0.375,73.9785,35,-2.58877104,16.18236008,0.71162037,7.640828,2.6154,1,2,O=C(O)c1cc(Br)c(O)c(Br)c1,3.745210313
2,151.899658,0,0,0,0,0,-2806.927789,0,-70.19851879,0,-0.182722222,0,0,-4.246955556,0,0,4.353075929,50.38162078,-3.998644454,-0.489421578,0.5,-1.283358367,0.989421578,1.021156845,1.895344118,0.763255747,1.473488505,0.534128504,1.931742991,0.608320817,1.783358367,0.353154144,-0.382321585,2.158950669,1,0.722258542,0,0.343254242,0.226818662,0,80.79187851,34.86917502,-0.899487495,0,1.72,4.25,0.90248,2,0,N#CI,3.669586227
5,158.4382673,-0.043263795,0,0,-57.98765432,-52.49275636,3315.469959,-5949.584816,49.42891119,0,-0.1276,-0.7314,0,2.828264,-7.58004,-4.847327153,8.153334173,28.49515281,-0.487758817,0.09222006,-0.328282828,-0.361220245,1.186890007,0.958972601,0.471391594,0.942387953,0.592795182,0.455907084,0.81518464,0.704344179,1.174971816,0.487716058,-0.389475994,2.383363428,0.5,0.725329975,2.501685531,1.385737093,0.019510604,0.679269643,65.12766218,66.63812935,-2.482509842,7.190040374,-1.340277778,5.306,2.0591,0,1,O=[N+]([O-])C(Br)(Br)Br,4.528708289
2.333333333,153.8598833,-0.002535185,0,0,-13.00984631,-12.32034603,-4343.113551,-1769.480728,-300.3078419,0,-0.063840816,-0.609893878,0,-5.463132705,-3.190829125,0.443849182,4.165926192,90.79954969,-0.557426585,-0.155209752,-0.377777778,-0.321443905,0.793615434,0.96634801,0.793879147,0.542049566,1.210909605,0.50191155,0.75226809,0.931476781,1.16496165,0.356739971,-0.377085241,2.16946745,0.79449807,0.339309237,0,0.625619678,0.041710085,0.285714286,67.87016595,30.71052627,-1.177459387,10.71371293,0.608888889,7.557621,0.6203,2,0,O=CCI,2.995678626
5,173.5594133,0.00208883,0,0,-48.55555556,-46.88152277,317.209145,-537.3085019,5.398352664,0,-0.195595918,-0.526530612,0,0.706600327,-2.820465306,-0.481930499,7.702953678,12.36596412,-0.243866706,-0.024844736,-0.328282828,-0.283440018,1.419188466,0.995516359,0.49414625,1.087793886,0.616480653,0.607191385,0.861109224,1.755116368,1.022771263,0.541732196,-0.385061333,2.40006835,0.49618024,0.854828579,0.889356401,0.706834216,0.181624777,0.679269643,41.84056267,38.34847617,-1.774927193,8.839781767,-2.361111111,2.696,1.5908,2,0,O=[N+]([O-])C(Cl)(Cl)Cl,4.029653124
3.785714286,142.7161546,0.027113384,0.004154197,-0.026749932,-4.049746648,4.069913794,-54.03931957,-1313.814913,-112.5510893,-165.2304235,-0.302414286,-0.000691837,-0.400873469,0.146271845,-2.760557744,-10.40539834,2.208108063,56.726138,-0.100102373,-0.247263135,-0.346534653,-0.077986956,0.892344074,0.874845714,0.729518622,0.466096273,0.6266751,0.465777516,0.744617881,0.857771865,0.953788179,0.379990501,-0.372477157,2.19092672,0.547155574,0.274681911,0.528359294,0.447686956,0.290381045,0.571428571,50.31691483,24.47585307,-2.592932709,6.286160523,0.993611111,7.264035,2.2616,0,0,O=Cc1ccc(Br)cc1,2.803271277
3,150.1075782,0,0,0,0,0,-1777.356441,0,-164.4150163,0,-0.106704,0,0,-1.982286297,0,0,0.013600823,65.89349058,-0.15908655,-0.601078067,0.25,-0.249495066,1.702156133,0.531895911,0.061775088,1.068982546,0.954011636,0.577531646,1.28164557,1.001514803,0.998990132,0.293377152,-0.163943341,2.39529887,0.333333333,0.649859138,0,1.707106781,-0.274094079,0.9509775,41.37773568,49.67953177,-2.489643385,2.645710119,0.270833333,5.143207,2.4547,0,0,BrC(Br)Br,2.402304814
4.538461538,136.6232438,0.085046698,-0.116278158,0.088148739,-24.87183578,-2.239656285,-2271.86412,-11133.1262,2.836410645,161.3040406,0.002529586,-0.60093787,-0.456515976,-0.968289963,-18.14664672,-11.57214231,1.623871658,73.04752143,-0.105587733,-0.565117806,-0.269835035,-0.071129595,1.35623953,0.637683469,0.65193889,0.539641095,0.734036317,0.939909805,0.61389519,0.495488729,0.767485537,0.393955016,-0.289213288,2.131757343,0.699581516,0.405599751,1.596257204,0.715879196,0.229279327,0.307692308,108.2663267,48.39036554,-3.973660854,5.106527395,1.573148148,10.879621,3.2548,0,1,Oc1c(I)cc(Cl)cc1I,3.401209493
4.428571429,154.4879633,0.143388019,-0.05608935,0,-47.20336077,-36.17882421,820.537543,-856.419812,85.52397067,-206.972271,0.24355,-0.32,0.046875,2.554635949,-3.420410876,-0.705398542,5.209378215,37.49292719,-0.327050393,-0.688999084,-0.392405063,-0.347179015,1.692097825,0.834666628,0.485384871,0.69353499,0.798717429,1.30406472,0.54825046,1.144788932,1.178892583,0.492943073,-0.324711229,2.336192359,0.522598905,0.383427501,1.420645518,0.93384749,0.110531658,0.25,69.076,41,-1.393015975,14.31845482,-1.826388889,4.271207,1.5973,0,1,O=C(O)C(Cl)(Cl)Br,2.989912153
3.166666667,157.1116542,0.018952791,0,0,-10.35245374,-11.01508139,-847.2455069,-1367.578482,-127.2513569,0,-0.52522449,-0.061616327,0,-0.295652136,-2.08073784,1.255669915,4.095444556,58.71207672,-0.35317247,-0.153388014,-0.282051282,-0.33534768,0.954818189,1.073132155,0.822371437,0.582581569,1.07754304,0.555447517,1.026632566,1.337083255,1.113605136,0.394932512,-0.373200525,2.352739538,0.645339056,0.317721909,0.303045763,0.715436454,0.096700075,0,63.12297437,29.67775203,-1.331791201,10.57251642,-0.511574074,4.764414,1.1451,0,0,O=CC(Cl)Br,5.272458743
4.538461538,142.588524,0.115814225,-0.121647508,0.083303748,-19.61604208,-0.297992711,-105.5884962,-1207.188076,-32.64293989,37.46351216,-0.074365089,0.00981716,-0.573178698,-0.047114336,-3.515301754,-6.816789878,1.563326055,43.28123066,-0.320773537,-0.547527333,-0.269835035,-0.286708619,1.345209438,0.696999797,0.65134578,0.518703888,0.655111756,0.980131841,0.651043675,0.800873268,1.214611848,0.408122802,-0.282563154,2.190069423,0.63803248,0.370636864,0.854016943,0.526755508,0.272946897,0.673452885,56.20341704,27.89562249,-3.371932387,5.106527395,0,4.539621,3.3524,1,2,Oc1c(Cl)cc(Cl)cc1Cl,5.301029996
4,143.2092435,0.101695294,-0.09670984,-0.060495329,-22.31850023,-3.607200503,-74.63979937,-512.9667659,-63.32523214,-100.6459548,-0.334270222,-0.082848,-0.992682667,0.203978638,-2.87881549,-12.70113792,3.128244932,52.96095325,-0.094115481,-0.487336277,-0.332792208,-0.072088084,1.245159163,0.667675619,0.715853921,0.478531585,0.63786863,0.775721408,0.711433339,0.793345973,0.991509567,0.395602213,-0.372272666,2.189463534,0.532666462,0.308131306,0.776433759,0.483131713,0.286943691,0.3169925,52.35728271,25.52501856,-2.174018946,11.39268792,0.538981481,7.264035,1.9672,0,1,O=Cc1ccc(O)c(Br)c1,2.470595314
3.428571429,144.7425983,-0.063401488,0.047983682,-0.033576472,-16.48330562,-2.878430553,28.64077829,-2899.374762,-21.32922512,103.3371674,0.007485714,-0.223134694,-0.074059184,0.704149677,-4.731865964,-9.548486525,0.635679786,73.22270021,-0.202322924,-0.625102492,-0.243589744,-0.114480444,1.708548872,0.49217321,0.583973476,0.473765494,0.621920128,1.351926091,0.678292455,0.656596024,0.968434715,0.337839408,-0.295888352,2.144107537,0.647593097,0.253736972,0.55893166,0.482646802,0.269575002,0.714285714,59.42070799,27.99749371,-2.390039453,0,1.182962963,9.129242,1.8734,0,1,Nc1cccc(I)c1,2.746928664
4,166.0054907,-0.084427804,0,0,-59.06430391,-53.1138546,-913.159206,-2046.145642,-156.1426458,0,-0.050126531,-1.21255102,0,-1.050064156,-3.145799143,-2.108072931,8.149005487,47.60425737,-0.509381794,0.185907858,-0.377777778,-0.386007917,0.929672785,0.918919301,0.460078655,0.689500999,1.048652266,0.310365385,0.818053119,1.000059021,1.19671962,0.530148144,-0.393209835,2.410563292,0.5,0.60569837,1.050380986,0.947428082,0.06316278,0.285714286,64.93301319,48.17861954,-1.647423195,8.783687926,-0.800925926,4.929207,1.3365,0,0,O=[N+]([O-])C(Br)Br,5.215382707
2,184.2118627,0.015730423,-0.015361062,0,-32.33057851,-6,118.8475167,-333.4141668,223.2307041,139.3862644,0.076722314,-1.068879339,-0.938578512,0.930169112,-1.661218239,-2.498997374,2.909090909,37.83071161,0.119049907,-0.285639762,-0.52173913,0.109312895,1.475198676,1.834911808,0.322265625,0.831363019,0.721893631,0.315400756,0.770907291,2.298705198,0.718066945,0.24108606,-0.357495671,2.460236728,0.680865702,0.132088028,0.081649658,0.397592963,0.244480625,1.591797728,19.6935654,15.14679479,0.191214804,19.10425649,0,7.457242,0.2294,0,0,CN(C)N=O,1
4.833333333,141.3734619,-0.026639659,-0.09680748,0.074623451,-27.42078189,-23.25133066,-248.9833002,-1848.878759,-47.98267023,174.5848276,-0.161704167,-0.92866875,-0.507616667,-0.142976568,-2.438408433,-3.817269595,4.299918487,38.49950639,-0.314313564,-0.310040536,-0.264367816,-0.270225291,1.045685439,0.820857446,0.655280189,0.504583186,0.672777581,0.531601798,0.708802397,0.829893108,1.106524144,0.423274102,-0.379418188,2.211872779,0.412250618,0.300191741,0.914733264,0.730364838,0.198899864,0.333333333,66.15361177,31.66716876,-2.302525941,11.56648989,0.212962963,5.632414,1.5397,0,1,O=C1C=C(Cl)C(=O)C(Br)=C1,3.427128398
4.045454545,154.4718697,0.386616067,-0.695502547,0.677143295,34.27222222,-13.9220311,137.634428,1111.530582,484.3834019,1592.854042,-1.351993388,0.322378512,-2.555590909,8.537621438,17.19532052,30.46293619,3.22801089,66.41263725,0.116255751,-0.574294798,0.084752652,0.069251124,1.578962296,0.878759582,0.856112642,0.504330281,0.601757737,1.030837739,0.88649959,0.972961696,0.983769078,0.430742129,-0.356378383,2.119307255,0.119356717,0.076195345,3.824678888,1.179425017,0.198458944,1.56261108,80.96885857,56.37063785,-3.854728699,70.75167855,1.186806605,31.403726,-0.7514,0,0,Nc1c(I)c(C(=O)NC(CO)CO)c(I)c(C(=O)NC(CO)CO)c1I,2.841637508
4.833333333,142.8170699,-0.008413144,-0.131896459,0.094111418,-26.62962963,-22.55429813,-44.95796267,-618.91993,-60.19057491,-142.6909826,-0.176816667,-0.933675,-0.845266667,-0.308814083,-1.556727161,-3.690557283,4.242362275,33.81359292,-0.379641341,-0.301702111,-0.333333333,-0.320492823,1.04413896,0.839064743,0.661268952,0.490459569,0.653946093,0.537623318,0.716831091,0.899010964,1.198681286,0.426386769,-0.377627738,2.212538799,0.391458537,0.269508492,0.746873843,0.60464925,0.232173948,1,38.1251811,37.91278334,-2.056381169,11.56648989,0,4.762414,1.3836,0,1,O=C1C=C(Cl)C(=O)C=C1Cl,4.32330639
4,171.126745,-0.070136665,0,0,-55.76741973,-51.21269624,-1131.41383,-741.999551,-135.7581198,0,-0.101720408,-1.125746939,0,-1.085606763,-1.98914856,-0.890606334,8.001886145,39.42295083,-0.386823031,0.150667413,-0.377777778,-0.343355031,1.001253138,0.948023401,0.468150568,0.637445945,1.155597101,0.332780232,0.844312056,1.336787869,1.131154653,0.552815069,-0.391613206,2.417021264,0.473798414,0.612795575,0.643411895,0.723283794,0.138591364,0,69.93562267,32.88615766,-1.400191687,9.333601724,-1.141203704,4.059207,1.1804,0,0,O=[N+]([O-])C(Cl)Br,4.392544977
4.4,143.744637,0.202514168,-0.169382121,-0.04131613,-21.58748971,-1.586152517,-56.01245112,-372.1365055,-8.386759642,125.3809752,-0.404990222,0.227232,-1.204422667,0.39196317,-3.376015976,-12.39663451,3.062002066,44.53246388,-0.11952327,-0.472430077,-0.272450111,-0.097230423,1.244284251,0.755598041,0.733980651,0.499045851,0.632872391,0.800445595,0.740114071,0.844011995,1.054994365,0.413440346,-0.37213767,2.187191226,0.494299537,0.287141146,0.800543462,0.487600811,0.291613555,0.266666667,49.75112622,25.00409981,-2.702913078,11.39268792,0,5.900828,2.5115,0,1,O=Cc1cc(Cl)c(O)c(Cl)c1,2.462848595
3.608695652,173.8261787,0.106811226,-0.368792732,0.250574972,-7.111111111,30.45138889,195.3763762,111.9625636,-119.4651327,-388.27462,3.607372222,-1.068044444,-6.393691667,-0.25639567,0.049779807,-2.611570836,7.116319444,30.00724538,-0.333244402,-0.699943708,-0.109701966,-0.3314005,1.771327626,0.669845561,0.298767778,0.512262387,0.777182116,0.326209804,0.603721294,1.719640002,1.559227435,0.421329452,-0.355704888,2.380484382,0.18859928,0.177873776,0.339353686,0.655545796,0.247936056,1.166666667,38.03324481,34.87005105,-0.345676878,46.51774119,0,13.285656,-1.1033,0,0,O=[N+]([O-])OCCN(CCO[N+](=O)[O-])[N+](=O)[O-],1.899629455
4.4,145.9559199,0.029755733,0,0,-15.31595793,-11.90867992,-42.65121531,-1955.470175,19.44647216,0,-0.1037,0.0408,0,0.5715,-1.9584,-0.518997019,3.123258067,14.34998851,-0.35505238,-0.329671184,-0.103896104,-0.264047777,1.564827155,0.830967021,0.536913369,0.898146368,0.900995525,1.185233161,0.87157661,0.882847157,0.748472716,0.399623958,-0.393088169,2.297322385,0.559466483,0.68567956,0.929196683,1.077764063,0.047883821,0.333333333,73.87298363,52.49223335,-2.34236383,2.69270834,-1.055555556,3.84,2.19238,0,0,N#CC(Cl)(Br)Br,5.089375595
2.4,164.7885189,-0.001803857,0,0,-15.52263374,-12.56242697,-396.0439318,-0.40099675,-111.160558,0,-0.0785,-0.2184,0,-0.928970834,0.104498418,2.587725577,3.104387881,49.29031814,-0.644022228,-0.092258198,-0.357142857,-0.428287573,0.853062351,0.880651471,0.504689727,0.501234762,1.425795973,0.51252505,0.839536215,1.361437947,1.003959016,0.35466251,-0.403496635,2.312727374,0.641272358,0.356330796,0,0.330763461,0.242011824,0.333333333,32.19058315,16.56641667,-0.856278108,5.880003445,0,3.086414,0.74878,0,1,N#CCCl,3.27572413
5,168.3711064,-0.013491613,0,0,-51.61179698,-48.7261757,308.3854797,-1696.124487,11.61312699,0,-0.177063265,-0.59217551,0,1.027648082,-4.159839184,-1.502344784,7.856300293,18.41932663,-0.400635939,0.014865762,-0.328282828,-0.37163687,1.340162401,0.987635699,0.487028355,0.812279099,0.875320312,0.551085827,0.848433206,1.227925279,1.152379369,0.522766869,-0.38654988,2.394202224,0.486550366,0.792456536,1.291371896,0.896504448,0.133158893,0.285714286,73.62038556,43.2244071,-2.026544813,8.289867969,-2.020833333,3.566,1.7469,0,0,O=[N+]([O-])C(Cl)(Cl)Br,4.879426069
3.857142857,142.7161546,-0.003838036,0.029740515,-0.001875189,-2.45186305,2.614005504,-54.03931957,-445.7222252,-112.5510893,-378.1870434,-0.302414286,0.161308163,-0.002816327,0.146271845,-0.369707799,-6.232647801,2.208108063,56.726138,-0.100102373,-0.202030954,-0.254125413,-0.077986956,0.87017962,0.910973196,0.736626312,0.466096273,0.6266751,0.465777516,0.744617881,0.857771865,0.953788179,0.384860989,-0.372147162,2.190339033,0.524107767,0.265148191,0.784899406,0.457661692,0.292149895,0.714285714,50.31691483,24.47585307,-2.592932709,6.286160523,0.847222222,7.264035,2.2616,0,0,O=Cc1ccccc1Br,2.993962045
3.615384615,141.1012826,-0.016778856,-0.069896516,0.07204069,-16.56338958,-3.261008335,-223.0051949,-3182.018852,-117.3581836,-167.3884684,-0.007619527,-0.316632544,-0.205628994,-0.031124548,-4.122599736,-7.1395937,1.664324502,72.0606549,-0.256790073,-0.57776087,-0.360411899,-0.166374207,1.351660279,0.506720481,0.592111689,0.47580106,0.643418991,0.973363286,0.632857196,0.645942166,0.96994951,0.363764542,-0.292429106,2.144281041,0.745939273,0.430400886,0.574016333,0.470238704,0.271824665,0.615384615,62.62538784,29.03421933,-2.1740627,5.106527395,1.139259259,8.696035,1.9968,1,2,Oc1ccc(I)cc1,4.978810701
2.714285714,163.5121797,-0.036755727,-0.000841708,0,-46.50617284,-39.48870218,-376.5888114,-30.3841335,-169.0117262,61.5538276,0.694928125,-1.6318625,0.385992187,-1.206473089,-0.152696912,1.164070199,5.280511141,46.40966686,-0.471264082,-0.746131381,-0.483870968,-0.479432854,1.613945652,0.632592609,0.440567531,0.55507064,1.229683009,0.93696685,0.522983816,1.587495626,1.389975074,0.45109153,-0.331000189,2.362149032,0.568067073,0.375991725,0.073192505,0.448210245,0.203268316,0.25,35.184375,18.25,-0.185436005,16.95583613,0,4.387621,0.3098,0,1,O=C(O)CCl,2.969400278
4,151.9890759,0.075109623,-0.046937718,0,-49.89376619,-30.44189148,7102.009233,-2638.061121,366.6231054,-634.8084815,0.486037037,-0.422050617,-0.152837037,6.858574733,-4.014229307,-7.530227192,3.795572321,61.83409762,0.107182835,-0.768076317,-0.380434783,0.078978741,1.892576435,0.774635449,0.503516178,0.69693291,0.461613769,1.106879737,0.456400288,0.775616607,0.790591015,0.422513093,-0.352197775,2.328567933,0.466825791,0.325256068,3.198378371,1.460892964,-0.016657303,0.750543056,61.73042308,65.94787364,-2.066014786,8.049974271,-0.923611111,6.444414,1.3102,2,0,NC(=O)C(Br)(Br)Br,4.488116639
4.833333333,142.8170699,-0.008413144,-0.131896459,0.094111418,-26.62962963,-22.55429813,-44.95796267,-618.91993,-60.19057491,-142.6909826,-0.176816667,-0.933675,-0.845266667,-0.308814083,-1.556727161,-3.690557283,4.242362275,33.81359292,-0.379641341,-0.301702111,-0.333333333,-0.320492823,1.04413896,0.839064743,0.661268952,0.490459569,0.653946093,0.537623318,0.716831091,0.899010964,1.198681286,0.426386769,-0.377627738,2.212538799,0.391458537,0.269508492,0.746873843,0.60464925,0.232173948,1,38.1251811,37.91278334,-2.056381169,11.56648989,0,4.762414,1.3836,1,2,O=C1C=C(Cl)C(=O)C=C1Cl,6.045757491
3.25,149.0043549,-0.005400404,-0.018283871,0,-47.03726871,-31.48773992,2826.820287,-3153.547506,-5.643503733,-447.2381628,0.9263,-2.0181,0.5642,4.974644683,-7.210125587,-9.609199253,3.814976751,100.6480821,0.01384693,-0.790204334,-0.464285714,0.006086904,1.839798311,0.661935483,0.489110809,0.604965977,0.877562074,0.878702758,0.368516627,0.60574002,0.889512615,0.402239491,-0.355338308,2.138079019,0.483217628,0.314885316,2.17407576,1.145148411,-0.015010129,0.444444444,81.06432066,61.94018893,-1.402461441,7.838547334,-0.069259259,10.667621,0.6678,0,0,NC(=O)C(I)I,6.168770306
3.375,145.2480292,-0.189846116,0.09737221,-0.02348383,-11.43446155,-17.85945745,4797.336672,-4617.704639,88.89587421,-29.34604941,0.7054,-1.125,-0.325,5.513496019,-2.21452669,0.556212058,4.763771117,70.40166886,-0.075932822,-0.821967759,-0.1,-0.049744358,1.687715722,0.44946999,0.421331376,0.6095193,0.547307269,0.925278407,0.508229521,0.638593137,0.883266926,0.457015299,-0.327534152,2.15099254,0.594384869,0.409595729,0.745088449,0.952118572,0.110701927,0,97.51217625,43.67452224,-1.144503794,11.07583268,0.595,7.934414,1.7423,0,0,O=C(O)C=C(Br)I,3.681936665
4.4,141.3823693,0.166407941,-0.143002078,-0.048410702,-24.77029721,-2.754316415,-470.829914,-2651.52069,20.50236821,214.7571615,-0.383854222,0.163968,-1.142010667,0.75305681,-5.329234393,-14.34419158,3.131898339,53.40405122,-0.014074729,-0.480477988,-0.272450111,-0.011570706,1.2472475,0.720139276,0.727158341,0.506122986,0.681727634,0.803796042,0.734327803,0.71950387,0.884195737,0.404438995,-0.372215464,2.186227143,0.524410072,0.304136527,1.24012898,0.61831588,0.260646012,0.266666667,72.9064854,34.38063724,-3.169862185,11.39268792,1.01662037,7.640828,2.7297,1,2,O=Cc1cc(Br)c(O)c(Br)c1,4.906578315
4.733333333,145.9369454,-0.023884797,0.090980073,0.000273599,5.760292638,-1.587814231,-222.8896535,-2467.962008,-32.84846771,46.11577552,0.561952,-0.319248,-0.819676,0.385110264,-3.792256596,-12.03812207,5.117419685,40.2684369,-0.230568076,-0.278713794,-0.160557185,-0.16200834,1.136271825,1.023394043,0.464029339,0.504900266,0.669474424,0.568738377,0.564620057,0.701943349,1.154347317,0.51484032,-0.38615856,2.190698242,0.427216307,0.266802701,0.922813252,0.573927174,0.275889712,0.133333333,65.75322918,31.77604351,-2.999949996,10.02983844,0.455555556,6.065621,2.7163,0,1,O=[N+]([O-])c1cc(Br)cc(Cl)c1O,3.401209493
3.166666667,161.9611213,0.023472856,0,0,-9.048122953,-10.18671245,-243.1891321,-358.7248903,-121.6614289,0,-0.558267347,-0.037444898,0,-0.238841917,-1.088581495,2.180594407,4.021531063,49.16330665,-0.368408562,-0.162439928,-0.282051282,-0.383399603,0.996764566,1.086368271,0.832631024,0.548062431,1.064783196,0.564865489,1.0457299,1.659364652,1.145701881,0.405383356,-0.372258144,2.355644577,0.607347126,0.32809068,0.174963553,0.518435913,0.183366567,0.285714286,35.16644099,26.38027757,-1.050281786,11.12243021,0,3.894414,0.989,2,0,O=CC(Cl)Cl,3.099632871
4.4,142.5635032,0.002478871,-0.027261665,0.074553218,-10.96662094,-0.128074862,-193.1577829,-1573.366123,6.647517133,71.71778386,-0.394134222,-0.232212,-0.374297333,0.59942199,-4.310568755,-13.20862786,3.097300801,49.04197166,-0.064647365,-0.462331233,-0.210088692,-0.052611808,1.227939003,0.676661579,0.733435757,0.492896132,0.658136503,0.801916126,0.737097156,0.778319418,0.965373215,0.416189879,-0.370983958,2.186596135,0.511468472,0.296350589,0.960463895,0.55067449,0.276179999,0.133333333,61.32880581,29.69236853,-2.943556072,11.39268792,0.423240741,6.770828,2.6206,0,1,O=Cc1cc(Cl)cc(Br)c1O,3.763714723
4,155.3436347,0.096103137,-0.05447684,0,-47.82348558,-29.09660292,3868.629432,-1382.473807,298.899593,-546.6059451,0.481103704,-0.347295062,-0.215703704,4.874301353,-3.02520712,-5.218178592,3.737289041,55.77831268,-0.12301338,-0.755826163,-0.380434783,-0.095392756,1.893738519,0.805782959,0.51036343,0.653151207,0.601438104,1.112163711,0.467238513,0.928636646,0.983408489,0.430620771,-0.351182399,2.331211266,0.453209808,0.321507812,2.346094734,1.186883198,0.049150324,0.444444444,70.53266694,50.21621114,-1.843946334,8.599888069,-1.263888889,5.574414,1.1541,2,0,NC(=O)C(Cl)(Br)Br,4.15864053
4.833333333,139.6687275,-0.024785217,-0.099155367,0.075097604,-27.70222222,-23.30426338,-643.796002,-3955.244214,-32.53104308,212.4214332,-0.0864,-0.9608,-0.9113,-0.008347218,-6.136352458,-4.609774977,4.3090787,50.00353509,-0.245105704,-0.313617903,-0.264367816,-0.175101439,1.047266419,0.816884812,0.654631298,0.504669311,0.672892414,0.494330061,0.659106748,0.699097811,0.932130415,0.422388003,-0.379520912,2.146465764,0.416065928,0.301739386,1.060062827,0.761979883,0.19086519,0.333333333,80.1947149,37.04461251,-2.394051846,11.56648989,0.370462963,7.932414,1.5798,0,1,O=C1C=C(Cl)C(=O)C(I)=C1,3.661543506
3.625,145.4222258,-0.01317302,-0.019936698,0.004054465,-19.58954157,-14.50538294,-3750.152366,212.636007,-71.18881925,-188.7697973,0.703,-1.1056,-0.3465,-0.949329641,-5.252976822,-9.636642259,4.763771117,70.40166886,0.098263757,-0.780541751,-0.55,0.064373579,1.664294666,0.639294518,0.475359803,0.6095193,1.005629835,0.925278407,0.509135523,0.638593137,0.78182876,0.467500773,-0.325582011,2.149541589,0.584241967,0.418572756,1.173882956,0.924055896,0.10907237,0,97.51217625,43.67452224,-1.144503794,11.07583268,0.275555556,7.934414,1.7423,2,0,O=C(O)C(I)=CBr,2.120330794
4,154.5854773,0.03847647,0,0,-8.013157526,-9.931160164,736.6106312,-2592.863175,116.4805113,0,-0.499638776,0.052040816,0,2.328650358,-4.395194926,0.566202197,4.021245284,40.56942642,-0.25038985,-0.238264531,-0.222222222,-0.272225285,1.240292843,1.068143462,0.840933682,0.698111747,0.79799338,0.68291463,1.024188554,1.33277536,1.026386596,0.421279122,-0.369663382,2.339992741,0.596609267,0.451006615,0.676413541,0.889681238,0.100446227,0.285714286,66.80773727,40.01600148,-1.964308263,9.528782661,-1.381944444,4.271207,1.7116,2,0,O=CC(Cl)(Cl)Br,3.327902142
4.538461538,141.2208954,0.129167674,-0.111939388,0.05945839,-19.14877314,0.273712323,-377.1421997,-3229.825611,-22.75663879,104.1497442,-0.064497041,0.100248521,-0.604486982,0.023592484,-4.824087181,-7.116398701,1.589567951,47.8123685,-0.26168217,-0.550298705,-0.269835035,-0.236135099,1.350461659,0.708861469,0.654237522,0.517481305,0.689351296,0.988591005,0.645308781,0.724980093,1.111895938,0.405727284,-0.285296762,2.189568561,0.658492564,0.382522023,0.992361542,0.594096274,0.255859511,0.307692308,68.85635903,33.01930825,-3.610231207,5.106527395,0.750277778,5.409621,3.4615,0,0,Oc1c(Cl)cc(Br)cc1Cl,3.756961951
3.25,156.4087742,0.019916211,-0.027300218,0,-44.37903978,-29.94859194,-1192.534706,-722.1104234,-67.08792425,-264.8968399,0.53547037,-1.339620988,0.376362963,-0.739148703,-2.938450243,-4.438066484,3.747312868,76.00601313,-0.379542093,-0.765382453,-0.464285714,-0.215322856,1.824834896,0.713887581,0.497081992,0.557712685,1.033130598,0.901241419,0.530095592,0.853004195,1.128782337,0.41327804,-0.354118654,2.167108688,0.462437329,0.308151179,1.067640952,0.833457012,0.088109045,0.222222222,77.05489718,35.48137224,-1.091924078,9.290998377,-0.567037037,7.497621,0.4716,2,0,NC(=O)C(Cl)I,3.519993057
5.3,143.7008207,0.029822988,-0.011980743,0,-17.99314129,-0.742626886,-3280.806053,-4524.925013,-56.14364497,-78.30407179,0.057735,0.064395,-0.057915,-1.902124347,-2.973079468,-3.05572387,0.208569959,38.97506109,-0.304152469,-0.667568157,-0.31835206,-0.269505162,1.778909149,1.04462883,1.232772653,0.717864314,0.940753021,1.491255238,0.846055748,0.938488497,1.302747939,0.381180913,-0.312944694,2.234369,0.691530849,0.33884938,3.874837649,0.931866908,0.179305008,0.8,108.7388834,67.97697361,-4.952242144,4.983978521,3.853009259,7.093207,4.0647,1,2,Brc1[nH]c(Br)c(Br)c1Br,5.958607315
4.153846154,140.6009661,0.135534633,-0.06624222,-0.017692224,-21.93217588,-1.886257011,-460.8889067,-2446.121921,-58.46117825,-329.9077691,-0.009708876,0.489623669,-0.754946746,-0.022640215,-3.596186087,-7.447948467,1.649900366,60.09687705,-0.236808686,-0.555502068,-0.327793167,-0.199875541,1.357244284,0.712994592,0.674415804,0.502966614,0.676764983,0.966071877,0.614826523,0.67641405,1.037691291,0.387670895,-0.290374239,2.191832712,0.676723491,0.392471484,1.148473705,0.604816988,0.248423825,0.519606731,71.70455902,33.58860667,-3.077297428,5.106527395,1.41087963,6.772828,2.9172,0,1,Oc1c(Br)cccc1Br,3.070581074
2.4,150.9638748,-0.007448637,0,0,-17.02979424,-13.35449607,-5095.028381,-627.9651519,-257.1603938,0,0.171911111,-0.455033333,0,-6.958997316,-0.845754518,0.618259659,3.212629246,88.1567342,-0.872181236,-0.09154488,-0.357142857,-0.379015664,0.800122754,0.756937054,0.498908809,0.562801791,1.349702037,0.514920154,0.367925,0.807780843,1.089393402,0.339788736,-0.405788695,2.16816827,0.738900477,0.325338418,0,0.564993081,0.06947891,0.333333333,71.59015076,32.07619168,-1.313345486,4.427552402,0.595,6.256414,0.94498,2,0,N#CCI,4.43062609
3.25,164.3408701,0.045209486,-0.036331818,0,-41.797287,-28.42977113,54.28220537,57.19429679,-64.73889882,-112.5759622,0.38667037,-0.73707284,0.07462963,-0.125856904,-0.6517428,-0.51772245,3.677108089,48.86224044,-0.440690357,-0.745354419,-0.464285714,-0.402784624,1.81738133,0.759250318,0.503622517,0.548540708,0.894333108,0.973452088,0.575728409,1.489010626,1.358874422,0.425354966,-0.352905646,2.348057584,0.44328479,0.301976607,0.520111946,0.596054206,0.176057881,0.444444444,36.96614037,27.2213889,-0.710685954,10.74344942,0,4.327621,0.2754,0,0,NC(=O)C(Cl)Cl,2.716698771
3,141.6539161,0,0,0,0,0,-3227.97374,0,-208.2222245,0,-0.142956,0,0,-5.040591605,0,0,0.01450652,84.53241235,-0.399037665,-0.595592203,0.25,-0.373324905,1.691184407,0.539210395,0.056110567,1.019790457,0.986806362,0.504217791,1.330521472,0.630025286,1.246649809,0.290222206,-0.163891463,2.168459236,0.346758611,0.646565979,0,1.806384783,-0.300025878,0.4,107.229166,64.8771238,-2.572038111,1.743172874,0.428333333,7.443207,2.4948,0,0,BrC(Br)I,2.718966633
3,172.2495026,0,0,0,0,0,-392.0720026,0,-105.4507066,0,-0.141696,0,0,-0.854510621,0,0,0.018802012,43.59251884,0.114263646,-0.652886668,0.25,0.185425324,1.805773335,0.462817777,1.271076524,0.830157998,1.113228001,0.648096305,1.234602464,2.306275971,0.129149353,0.346315492,-0.169492436,2.413302552,0.333333333,0.686814962,0,0.702175637,0.087979922,0.9509775,21.7224211,25.80184651,-1.726319426,4.295451512,-0.75,2.533207,1.9864,1,2,ClC(Cl)Cl,3.070581074
4.0625,144.2011311,-0.005225431,0.038716477,-0.028153348,-18.66087963,-5.70376086,110.8225571,113.4015989,-53.19527109,-6.729274985,0.068262891,-0.350275781,0.096616406,0.026423523,-0.646805825,-4.055947144,1.375338173,49.62122788,-0.2152271,-0.213857492,-0.283708609,-0.151234547,0.894355862,0.79144159,0.437863587,0.469397723,0.600128385,0.470911368,0.504127056,0.90336769,1.01510254,0.359341493,-0.408377189,2.188098981,0.372440633,0.125898025,0.92235132,0.500296347,0.28688739,0.672180469,46.38425,23.75,-3.666978911,0,0,6.606035,3.05948,0,1,N#CCc1ccc(Cl)c(Cl)c1,3.871277716
3.25,153.0136292,-0.001346778,-0.019727148,0,-46.58891971,-31.29506818,1148.103386,-1697.621908,-37.70786915,-335.0553964,0.601037037,-1.433398765,0.410696296,1.199545731,-3.913173152,-6.653910618,3.80544769,83.56546307,-0.174900189,-0.786546862,-0.464285714,-0.094938135,1.837970772,0.670182912,0.489902688,0.590065691,0.913718702,0.906316825,0.490803542,0.737486557,0.99362507,0.4039378,-0.355139111,2.166751657,0.479764109,0.31377378,1.722917611,1.083932244,0.002277737,0.222222222,92.71115676,41.82122224,-1.322946308,8.741084579,-0.226759259,8.367621,0.6277,0,0,NC(=O)C(Br)I,5.419075024
4.833333333,139.9298539,-0.001691484,-0.136173192,0.090067565,-28.38683128,-23.48206019,-617.6884807,-3819.896881,-37.15690504,-220.5734747,-0.147266667,-0.9267,-0.853066667,-0.040214053,-3.603927206,-4.443228284,4.356379077,42.95506328,-0.255149323,-0.33390284,-0.333333333,-0.227150314,1.057205982,0.797452769,0.652210738,0.526903198,0.702537597,0.525808064,0.701077419,0.770665015,1.027553353,0.417171932,-0.379290218,2.211251662,0.43072264,0.289005513,1.200677187,0.852209855,0.16562578,1,57.27587578,53.42255835,-2.532926656,11.56648989,0.612407407,6.502414,1.6958,0,1,O=C1C=C(Br)C(=O)C=C1Br,4.038104526
3.571428571,142.7222246,0.010674817,-0.015271726,0,-52.22320988,-40.69749491,126.6404049,-4440.405907,-157.8797644,-198.828556,1.2545125,-2.45155,0.47796875,2.357141816,-10.62295079,-5.518770133,5.425893926,95.51505814,-0.166282171,-0.734812707,-0.466666667,-0.084155827,1.638775447,0.684568054,0.45639878,0.641986103,0.979627208,0.87189453,0.363023651,0.566023759,0.955878563,0.460774534,-0.329610537,2.138155347,0.566845706,0.385116602,1.854800653,1.123222275,-0.01100181,0.25,85.2155,64.25,-1.185932629,13.00720029,-0.291481481,10.234414,1.2671,2,0,O=C(O)C(I)I,2.70333481
3.4,161.3797521,0.018744557,0,0,-14.3127572,-11.50356589,-379.4467146,-73.10805875,-106.282783,0,-0.176675,-0.043575,0,-0.751573416,-0.140184505,2.193132018,3.027211511,35.49044854,-0.592451811,-0.20979446,-0.183673469,-0.421438739,1.240170743,0.926792772,0.529555389,0.621363905,1.304242312,0.6475284,1.042808895,1.305003207,0.965843092,0.398096351,-0.396272074,2.306895449,0.524592526,0.518015698,0.165985001,0.47289545,0.202126909,0.333333333,35.54875537,26.57945001,-1.183418094,4.83626969,0,2.593207,1.31368,0,1,N#CC(Cl)Cl,2.631391628
4,145.4920623,0.029737457,0,0,-10.57949106,-11.60367851,4115.560986,-7546.290745,200.8096485,0,-0.479012245,0.032791837,0,4.716907563,-7.980709307,-3.063131827,4.1654279,52.02624711,0.08902071,-0.203910426,-0.222222222,0.100946488,1.136307453,1.06435899,0.82022916,0.827321121,0.560422903,0.647760582,1.009770587,0.967515017,0.64503077,0.404145281,-0.371539947,2.33417464,0.659435392,0.415970757,1.363705935,1.432673798,-0.044358713,0.679269643,58.31501389,63.42972373,-2.43071991,8.428955065,-0.701388889,6.011207,2.0238,1,2,O=CC(Br)(Br)Br,3.835944708
3.4,155.144723,0.014133143,0,0,-15.49702789,-12.17993716,-1429.682343,-459.2206848,-131.171245,0,-0.1478,-0.0645,0,-1.283116785,-0.45364449,1.299776832,3.123216788,44.00789648,-0.588008155,-0.184420003,-0.183673469,-0.388726115,1.179661089,0.90849052,0.526444611,0.635950681,1.261239088,0.626778784,0.98410645,1.069093114,0.95701451,0.384808275,-0.398135894,2.305584821,0.569187038,0.506830667,0.287494454,0.661084449,0.116036282,0,66.51711672,31.01955001,-1.467204058,4.286355892,-0.525462963,3.463207,1.46978,2,0,N#CC(Cl)Br,3.48945499
2.714285714,159.0748742,-0.060076107,0.006270674,0,-49.48525377,-41.17702975,-1834.088217,28.395168,-218.3183673,43.37626805,0.7877125,-1.74695,0.40321875,-1.912429423,-0.553196845,0.45301352,5.374687875,57.1120346,-0.497093576,-0.769646382,-0.483870968,-0.443598782,1.62976672,0.587583647,0.433080645,0.534900257,1.279365162,0.933742244,0.484406723,1.247026537,1.335034536,0.443180871,-0.331973825,2.359580276,0.591612336,0.386046845,0.126773138,0.640101792,0.090127784,0.25,51.8535,25,-0.482338383,16.40592233,0,5.257621,0.4659,0,0,O=C(O)CBr,4.85886391
2.4,158.4495111,-0.006545878,0,0,-16.7741198,-13.25497971,-2041.701376,-131.3328447,-162.7735821,0,-0.027575,-0.248775,0,-1.972482571,0.010453448,1.815678886,3.197599928,61.62556067,-0.680014737,-0.090852642,-0.357142857,-0.411875325,0.808809645,0.778758387,0.499224103,0.54271096,1.3815441,0.506619832,0.737059482,1.108301896,1.021296548,0.342018226,-0.405415116,2.311564151,0.721349564,0.330826724,0,0.520640605,0.101238748,0.333333333,51.34127783,24.32130417,-1.173555642,5.330089647,0,3.956414,0.90488,0,0,N#CCBr,5.501000636
4.333333333,148.0555267,0.03459302,-0.077497036,0.051246426,-49.62221206,-9.63773942,899.6068066,3853.161752,751.641714,-615.5306764,0.599437037,0.345940741,-1.504355556,3.906042858,-0.153973601,-13.57518996,3.245270877,57.86050491,0.334399783,-0.319056054,-0.1,0.265876866,1.107739565,0.868414704,0.573981207,0.488668604,0.565055473,0.476835576,0.51401697,0.928885844,0.70414415,0.41865035,-0.381685337,2.195777179,0.390753055,0.266783504,2.662354048,1.109976032,0.142124498,1.528320834,51.23268009,50.36658613,-3.735887759,11.56648989,0.630740741,10.515242,2.476,0,1,CC1=C(C)C(=O)C(Br)=C(Br)C1=O,4.609064893
3.2,164.3088634,-0.0113375,0.010568009,-0.01431424,-14.24,0.96,-90.31997908,-132.1605945,-195.0433079,309.2891591,0.235865778,-0.372517333,-0.820270222,-0.781338325,-1.740868169,-9.494520085,2.262222222,43.63093229,-0.242589302,-0.358764191,-0.246262458,-0.182790176,1.484835301,1.343525813,0.27259332,0.809444523,0.950260316,0.306738558,0.591057769,1.547413361,1.416761456,0.265633071,-0.350490369,2.338814635,0.579742931,0.116316576,0.182246185,0.57804895,0.164911899,1.333333333,25.53985289,15.08181446,-0.198357135,18.09842534,0,9.463656,0.7636,2,0,O=NN1CCCC1,1.282329497
3.9,174.2011758,-0.000325085,-0.300299722,-0.047101114,-28.08,15.72555556,125.8315778,-63.65102768,-52.20536651,-328.4324427,2.260096,-1.578968,-6.10576,-0.052723718,-1.236035172,-3.496671773,6.24,35.12514218,-0.318175664,-0.46656004,-0.21875,-0.266913341,1.288773533,0.390582965,0.285691675,0.563842566,0.741536966,0.248841819,0.506746351,1.792382359,1.547813267,0.372098875,-0.355763069,2.371283413,0.197559244,0.13450024,0.589620292,0.649848232,0.22202746,2,26.04629196,35.30699333,0.326270947,46.26147836,0,11.497656,-1.0126,2,0,O=[N+]([O-])N1CCN([N+](=O)[O-])CC1,1
2.4,158.4495111,-0.006545878,0,0,-16.7741198,-13.25497971,-2041.701376,-131.3328447,-162.7735821,0,-0.027575,-0.248775,0,-1.972482571,0.010453448,1.815678886,3.197599928,61.62556067,-0.680014737,-0.090852642,-0.357142857,-0.411875325,0.808809645,0.778758387,0.499224103,0.54271096,1.3815441,0.506619832,0.737059482,1.108301896,1.021296548,0.342018226,-0.405415116,2.311564151,0.721349564,0.330826724,0,0.520640605,0.101238748,0.333333333,51.34127783,24.32130417,-1.173555642,5.330089647,0,3.956414,0.90488,2,0,N#CCBr,4.41453927
3.857142857,144.289931,0.025920771,-0.07941999,0.067245151,-23.41440609,-0.963731069,-123.590287,-3350.135271,59.41294649,-251.4814964,0.082767857,-0.153656633,-0.348272449,0.721193077,-3.814763456,-11.30006965,0.615782733,63.54577425,-0.178945645,-0.659658242,-0.291989664,-0.123926569,1.741805274,0.543114544,0.629803585,0.493375462,0.643457525,1.179171867,0.565646184,0.677110484,1.016606982,0.352162552,-0.295093827,2.191230245,0.650557002,0.255525443,1.081597629,0.60723635,0.2446984,0.625349107,68.09495031,32.34875647,-3.293500004,0,1.95875,7.206035,2.7938,0,1,Nc1ccc(Br)cc1Br,2.800381932
4.5,141.9140201,-0.156292513,0.255692838,-0.138573216,-10.83016118,-7.581772709,-505.111046,-3693.298691,5.808974681,25.68613546,0.73174375,-0.73021875,-0.0898375,0.71412009,-4.919043451,-13.3276268,3.839965653,50.27293011,-0.005380878,-0.637108894,-0.163879599,-0.004316607,1.484168324,0.560031235,0.487031559,0.514184239,0.690652792,0.993238739,0.493783201,0.663335901,0.919866319,0.471342675,-0.326633975,2.185917424,0.364832397,0.24453126,1.155218034,0.659744473,0.252063289,0.375,73.9785,35,-2.58877104,16.18236008,0.957268519,7.640828,2.6154,1,2,O=C(O)c1cc(Br)cc(Br)c1O,4.392544977
3.5,145.6955434,0.03773838,-0.133947896,0.088460948,-32.61138117,1.052918781,372.8574465,-2921.027153,221.9744867,-229.6082944,0.165044141,-0.091654297,-1.061820312,2.006532126,-5.818153305,-15.74187236,1.421074491,71.29285731,0.09551816,-0.584192748,-0.247295597,0.062580676,1.384353879,0.499428487,0.564589144,0.475911162,0.594297982,0.974983819,0.577690784,0.748878853,0.8242395,0.362857109,-0.303242564,2.14317047,0.722641207,0.417209725,0.814400743,0.59145198,0.247859761,0.594360938,58.20944209,28.10845859,-2.712564007,5.106527395,1.155462963,10.702449,2.30522,0,0,Cc1cc(I)ccc1O,3.787812396
3,173.9265975,-0.126455495,0,0,-59.93916744,-53.91042384,-1965.982853,-175.221999,-137.8576957,0,0.176122449,-1.788918367,0,-2.030598636,-0.566146238,-0.40880259,8.109294953,48.80484136,-0.350452015,0.262046873,-0.371794872,-0.302394522,0.696756555,0.837465128,0.438999567,0.547490901,1.287913202,0.249977017,0.751816896,1.456786423,1.094563369,0.547928397,-0.397443007,2.442167632,0.493197764,0.479630418,0.107142857,0.576539363,0.137452129,0.285714286,55.8334312,26.70001924,-1.116656164,10.37733548,0,4.552414,0.6155,2,0,O=[N+]([O-])CBr,3.866461092
3,148.550647,0,0,0,0,0,-3904.557023,0,-200.0455557,0,-0.170244,0,0,-5.43687838,0,0,0.023448127,80.37821255,-0.443415882,-0.599777233,0.25,-0.342666568,1.699554465,0.533630356,0.874837402,0.851000234,1.099333177,0.500117467,1.333255022,0.722000295,1.185333137,0.307274819,-0.168823047,2.16879736,0.469534911,0.662447025,0,1.381186435,-0.157841392,0,118.5483608,52.01118933,-2.350975332,2.293086672,0.088055556,6.573207,2.3387,2,0,ClC(Br)I,1
3.571428571,156.7615225,0.042416066,-0.025014437,0,-48.17146776,-38.52389237,-840.4085334,-265.7309015,-146.4782069,-59.5532769,0.404003125,-0.9838625,0.256054687,-0.3229017,-1.700579432,-0.076451881,5.303338233,51.75142581,-0.423263626,-0.712547858,-0.466666667,-0.40795506,1.633173168,0.733313606,0.465649294,0.590764366,1.106935995,1.060096299,0.572199502,1.193140092,1.272928988,0.471691152,-0.328265622,2.348260392,0.541545148,0.375072926,0.713211048,0.767944899,0.108122817,0,65.022375,30.75,-0.766327226,15.36218858,-0.946759259,4.764414,1.0308,0,1,O=C(O)C(Cl)Br,2.406049705
4.538461538,138.4856381,0.100949444,-0.105922901,0.063468398,-23.67623639,-1.472738147,-1411.365825,-7976.905185,-7.105920039,172.2353063,-0.046773964,0.038771598,-0.584063905,-0.023099201,-7.985691345,-9.13157458,1.639251102,56.28580369,-0.1609132,-0.564527533,-0.269835035,-0.154773084,1.359622762,0.658146587,0.655321516,0.556883381,0.753307649,1.009555408,0.634631369,0.594598752,0.941375629,0.393589391,-0.290858904,2.188543466,0.712625928,0.413294584,1.43194706,0.746640228,0.221795213,0.673452885,94.16224302,43.26667978,-4.048657038,5.106527395,2.269953704,7.149621,3.6797,0,1,Oc1c(Br)cc(Br)cc1Br,3.576754126
3.857142857,144.0661084,0.044544038,-0.084593071,0.061314162,-21.99219955,-0.319674222,-138.8764254,-4059.731565,68.62611532,-174.0366049,0.061710714,0.133104592,-0.500937755,0.936820223,-6.515787063,-10.28173494,0.603478815,70.24265106,-0.16761059,-0.656928225,-0.291989664,-0.099226592,1.731306205,0.576744198,0.622381505,0.484941426,0.636887207,1.17263393,0.59634492,0.636869541,0.946433861,0.357833785,-0.292188547,2.14363899,0.625910111,0.246044241,0.91679369,0.552483954,0.258287859,0.482491964,68.78816086,32.34875647,-3.154861654,0,1.103518519,8.636035,2.5268,0,1,Nc1ccc(I)cc1Cl,3.084811295
4.538461538,139.6058839,0.101407916,-0.119560464,0.085744159,-22.1775031,-1.25116602,-842.2917484,-4734.92825,-10.70661955,70.30702125,-0.019995858,-0.229598225,-0.625163314,-0.091475523,-9.106606783,-8.107889638,1.59420777,58.76389677,-0.199376578,-0.556524711,-0.269835035,-0.148888955,1.350897506,0.668330707,0.651399069,0.512091109,0.692972345,0.941505308,0.620202665,0.609199156,0.932798023,0.401233047,-0.285891206,2.142760797,0.667416029,0.387331834,1.225137074,0.617632653,0.251113112,0.307692308,82.23487186,38.14299402,-3.695601953,5.106527395,0.66212963,7.709621,3.3036,0,1,Oc1c(Cl)cc(Cl)cc1I,3.627456199
4.4,138.592804,0.159031907,-0.137666406,-0.049799859,-25.4447144,-2.927889341,-1520.73791,-7583.205232,54.43605754,368.000798,-0.306120889,-0.401365333,-0.656177333,0.670729955,-14.77030193,-18.65550907,3.14331438,73.43049426,0.088282781,-0.481769974,-0.272450111,0.055266026,1.247527872,0.713245242,0.726216957,0.516484263,0.701160653,0.762975715,0.701443952,0.56145511,0.691797574,0.402862602,-0.372232195,2.131316008,0.530699714,0.30768567,1.542783722,0.659406625,0.251915765,0.266666667,97.38966647,43.75717467,-3.31140128,11.39268792,1.41037037,12.240828,2.4139,0,1,O=Cc1cc(I)c(O)c(I)c1,2.886056648
2.714285714,163.5121797,-0.036755727,-0.000841708,0,-46.50617284,-39.48870218,-376.5888114,-30.3841335,-169.0117262,61.5538276,0.694928125,-1.6318625,0.385992187,-1.206473089,-0.152696912,1.164070199,5.280511141,46.40966686,-0.471264082,-0.746131381,-0.483870968,-0.479432854,1.613945652,0.632592609,0.440567531,0.55507064,1.229683009,0.93696685,0.522983816,1.587495626,1.389975074,0.45109153,-0.331000189,2.362149032,0.568067073,0.375991725,0.073192505,0.448210245,0.203268316,0.25,35.184375,18.25,-0.185436005,16.95583613,0,4.387621,0.3098,1,2,O=C(O)CCl,3.388914267
4.5,143.0438003,-0.16203284,0.217183666,-0.086435779,-12.35826046,-8.597240493,-189.1934856,-1635.20456,-5.960720389,-58.05721292,0.713655859,-0.831310547,-0.124677344,0.560679686,-3.834658894,-12.46107894,3.799768184,46.12805082,-0.054597898,-0.635418399,-0.163879599,-0.043806433,1.481046846,0.554148597,0.487394829,0.505333033,0.662030961,0.992946852,0.500409349,0.724765421,1.00533297,0.471827608,-0.326526759,2.186374258,0.35847344,0.240278798,1.016873436,0.595879598,0.266302777,0.25,62.86575,30.5,-2.366742982,16.18236008,0.270740741,6.770828,2.5063,0,1,O=C(O)c1cc(Cl)cc(Br)c1O,3.040285481
4.5,143.0438003,0.207604217,-0.337773541,-0.054842919,-34.08974194,-7.441504896,-189.1934856,-1283.830511,-5.960720389,-50.43889,0.713655859,-0.402310547,-2.487433594,0.560679686,-3.765703324,-12.42760332,3.799768184,46.12805082,-0.054597898,-0.660923655,-0.27090301,-0.043806433,1.503602032,0.571016252,0.486247063,0.505333033,0.662030961,0.992946852,0.500409349,0.724765421,1.00533297,0.460053856,-0.327856124,2.186492434,0.35809513,0.237651604,1.092153917,0.594334257,0.266256746,0.25,62.86575,30.5,-2.366742982,16.18236008,0.270740741,6.770828,2.5063,1,0,O=C(O)c1cc(Cl)c(O)c(Br)c1,3.3508991
4.294117647,144.0740751,-0.295552649,0.632762577,-0.786574923,-30.15098656,-26.74779317,-68.83540614,-805.991139,-16.90379218,-398.8701298,0.59516263,-1.499768858,0.848841522,0.263564963,-2.832858496,-14.10641693,4.366736915,46.75431608,-0.073087573,-0.615982962,-0.217753623,-0.05586556,1.457891572,0.564304922,0.55087233,0.502973161,0.647721519,1.077243582,0.552979098,0.708341907,1.082625508,0.472817064,-0.326354897,2.187818504,0.280068224,0.187307274,0.951244205,0.556532198,0.273591478,0.514993382,56.02637229,27.41004494,-1.178096897,21.28888747,0.233981481,7.264035,1.5585,1,0,O=C(O)c1cc(Br)c(O)cc1O,3.373316247
4.125,143.661465,0.119625985,-0.202611226,-0.170641448,-32.52698474,-8.99158033,-39.95872127,-577.0943937,-67.15279652,-283.3282429,0.828310938,-0.560179688,-2.104659375,0.167014493,-2.577256348,-12.09539732,3.829118642,49.66447623,-0.083226232,-0.67153362,-0.311950582,-0.063425254,1.508139518,0.531744776,0.476735868,0.49081478,0.639889332,0.947508193,0.47514089,0.745370804,1.034153699,0.45791839,-0.328027049,2.189234871,0.370083747,0.244804454,0.847254278,0.52884173,0.275190022,0.422180469,54.2545,26.5,-1.60142243,16.18236008,0.386481481,7.264035,1.8529,0,0,O=C(O)c1ccc(O)c(Br)c1,2.822298611
4.294117647,144.0740751,0.41036003,-0.695750371,0.395055018,-30.11177088,-2.287008855,-68.83540614,-746.207031,-16.90379218,-177.3659691,0.59516263,-0.199768858,-2.990805536,0.263564963,-2.950218172,-14.06018852,4.366736915,46.75431608,-0.073087573,-0.639870839,-0.270108696,-0.05586556,1.484627305,0.627236587,0.562846392,0.502973161,0.647721519,1.077243582,0.552979098,0.708341907,1.082625508,0.465069207,-0.327600125,2.187933299,0.278661904,0.185344088,0.910328661,0.556977429,0.273545447,0.514993382,56.02637229,27.41004494,-1.178096897,21.28888747,0.152685185,7.264035,1.5585,0,1,O=C(O)c1cc(O)c(O)c(Br)c1,2.919485935
4.5,140.5798802,-0.160137276,0.261637547,-0.143679234,-11.05188186,-7.638800759,-990.241127,-5752.375411,21.0084768,76.19543304,0.826708984,-0.868826172,0.304060156,0.863442918,-8.47164753,-14.84639649,3.846430337,59.90726503,0.04749793,-0.637794432,-0.163879599,0.032809323,1.484652151,0.557970677,0.486880216,0.513832114,0.701627452,0.948985834,0.475138445,0.578217839,0.801862985,0.471175565,-0.326653196,2.142152074,0.366358581,0.245516171,1.306545406,0.679692969,0.248061925,0.25,85.7285,39.5,-2.660854913,16.18236008,1.154143519,9.940828,2.4575,0,1,O=C(O)c1cc(Br)cc(I)c1O,3.041096339
4.733333333,145.9369454,0.074207045,-0.363224275,0.06963318,-19.93847279,-1.319021364,-222.8896535,-1480.100081,-32.84846771,-39.8321256,0.561952,-0.748248,-2.687796,0.385110264,-3.528602946,-12.09145899,5.117419685,40.2684369,-0.230568076,-0.319957524,-0.270527859,-0.16200834,1.137656243,0.815301052,0.462366189,0.504900266,0.669474424,0.568738377,0.564620057,0.701943349,1.154347317,0.47625454,-0.38748744,2.190631701,0.439968066,0.255378203,1.07822207,0.574870698,0.275935743,0.133333333,65.75322918,31.77604351,-2.999949996,10.02983844,0.209907407,6.065621,2.7163,0,1,O=[N+]([O-])c1cc(Cl)c(O)c(Br)c1,3.524678983
4.538461538,141.2208954,0.103765106,-0.119899932,0.085346035,-21.74136574,-1.130608664,-377.1421997,-2563.415697,-22.75663879,55.95109019,-0.064497041,-0.016751479,-0.570563905,0.023592484,-4.706457091,-7.139021846,1.589567951,47.8123685,-0.26168217,-0.555210375,-0.269835035,-0.236135099,1.350172212,0.672883345,0.65137611,0.517481305,0.689351296,0.988591005,0.645308781,0.724980093,1.111895938,0.402303989,-0.285297786,2.18954807,0.662443312,0.384507645,1.073809702,0.596540892,0.255914748,0.307692308,68.85635903,33.01930825,-3.610231207,5.106527395,0.50462963,5.409621,3.4615,0,1,Oc1c(Cl)cc(Cl)cc1Br,3.469018804
4.125,144.7912451,0.143945169,-0.236001868,-0.14428951,-31.73765432,-8.541430303,29.35583094,-144.4218752,-84.92056805,-266.8928157,0.813640234,-0.530982422,-2.200727344,-0.132211153,-2.177444483,-11.76928187,3.788331976,44.85314399,-0.138738283,-0.667903017,-0.311950582,-0.107059537,1.505247795,0.544072079,0.478072462,0.56078537,0.58967296,0.945856307,0.480700734,0.813717532,1.129208535,0.458502306,-0.32792326,2.189743019,0.362334931,0.239868286,0.611015745,0.467478474,0.290673793,0.422180469,43.14175,22,-1.35342119,16.18236008,0,6.394035,1.7438,2,2,O=C(O)c1ccc(O)c(Cl)c1,1.593685092
4.294117647,145.1567811,0.418307341,-0.706920575,0.41242718,-29.46652997,-2.201993113,37.79466549,-217.8543208,-32.78013431,-197.2586002,0.573051903,-0.194596194,-2.99213218,-0.036561385,-2.561309065,-13.78394288,4.321935902,42.21686885,-0.127285195,-0.63591867,-0.270108696,-0.099128605,1.481591787,0.635577767,0.565479529,0.597755961,0.565255957,1.07740127,0.558394875,0.777948278,1.182728245,0.466396992,-0.327525251,2.188429447,0.274300964,0.182454092,0.690535902,0.496754272,0.287738904,0.514993382,45.33861871,23.0821431,-0.936534193,21.28888747,0,6.394035,1.4494,0,1,O=C(O)c1cc(O)c(O)c(Cl)c1,2.514020683
4.266666667,141.3844706,0.012025608,-0.161560944,0.162755612,-6.320914495,1.974078647,-411.045806,-4558.10848,-33.11337116,470.0154668,0.916145778,-0.623498667,-1.133747556,0.635697134,-5.058456946,-11.19873659,3.131898339,53.40405122,-0.011973438,-0.736067252,-0.180986696,-0.009843254,1.578605599,0.448307903,0.372875687,0.506122986,0.677533863,0.803796042,0.384673513,0.71950387,0.882583448,0.456965556,-0.3285865,2.187387766,0.515871736,0.362096358,0.861980122,0.631018197,0.250292767,0.583659167,72.9064854,34.38063724,-3.018512185,11.07583268,1.507916667,7.640828,2.9098,2,2,O=C(O)c1cc(Br)cc(Br)c1,2.679263517
4.1875,143.659455,0.401842726,-0.416469016,0.11103246,-16.31865141,5.751282324,-99.74282927,-678.7352289,-13.53705715,4.242123705,-0.471689063,0.475820313,-1.59988125,0.284374169,-3.257056358,-14.71681673,3.829118642,49.66447623,-0.085236162,-0.524376048,-0.273936802,-0.064956987,1.321281894,0.744816857,0.752322425,0.49081478,0.64735299,0.947508193,0.730635247,0.745370804,1.035589698,0.432440669,-0.372031707,2.188155267,0.36240461,0.210833337,0.838510964,0.512879531,0.284081094,0.375,54.2545,26.5,-1.75277243,16.49921531,0.305185185,7.264035,1.6728,0,0,O=Cc1cc(O)c(O)c(Br)c1,3.270993488
4.1875,144.7912451,-0.114858241,0.355261858,-0.289789552,-9.570987654,-7.610103143,29.35583094,20.52409781,-84.92056805,-410.505476,0.813640234,-0.140982422,-0.022414844,-0.132211153,-2.041803874,-11.81512584,3.788331976,44.85314399,-0.138738283,-0.630648584,-0.190306486,-0.107059537,1.480906472,0.603246753,0.498396117,0.56078537,0.58967296,0.945856307,0.480700734,0.813717532,1.129208535,0.471032061,-0.326582246,2.189502229,0.347969873,0.233385719,0.626340124,0.47276222,0.29208575,0.422180469,43.14175,22,-1.35342119,16.18236008,0,6.394035,1.7438,0,0,O=C(O)c1cccc(Cl)c1O,2.966497561
4.333333333,143.7467383,-0.086751174,0.120625591,-0.179319494,-7.291193416,-1.35789463,3.77165688,-721.0107783,-62.00249901,-250.5100705,0.895009778,-0.586034667,-0.386703556,0.274603494,-1.483974519,-8.178187655,3.062002066,44.53246388,-0.117421979,-0.706385678,-0.180986696,-0.095521053,1.552034708,0.475914964,0.376770807,0.499045851,0.60919833,0.800445595,0.400468388,0.844011995,1.053398954,0.461000017,-0.327665302,2.18804658,0.476294695,0.335787647,0.737831372,0.504257799,0.282772698,0.450325833,49.75112622,25.00409981,-2.551563078,11.07583268,0,5.900828,2.6916,0,0,O=C(O)c1ccc(Cl)cc1Cl,2.896138009
4.9375,143.5559158,-0.297362712,0.378144985,-0.126845146,-5.311728395,-12.46286949,-137.2132153,-347.4251698,27.10712461,-271.5628182,0.548449609,-1.016879297,0.816666406,0.679249411,-0.926195324,-10.29270923,3.729575689,36.62957544,-0.078247923,-0.599197948,-0.111613025,-0.066738071,1.454159431,0.578101283,0.486596883,0.556993412,0.6572218,1.062004288,0.544945,0.771851773,1.070653087,0.479989137,-0.325893757,2.183816292,0.338530191,0.228153714,1.382371117,0.600848078,0.273036696,0.422180469,60.36425,30,-2.899647162,16.18236008,0,5.407621,3.0506,0,1,O=C(O)c1c(O)c(Cl)cc(Cl)c1Cl,3.446197764
4.5625,144.1735805,-0.146107361,0.4374816,-0.443159288,-11.31790123,-9.324455114,-12.22454264,402.3752867,-18.89659566,-469.5374876,0.694998438,-0.420717188,0.039453125,0.35401975,-0.785073846,-11.5380167,3.758954428,41.85359595,-0.107884862,-0.621831808,-0.217391304,-0.087304196,1.473850799,0.606290226,0.492564843,0.532836591,0.602474685,0.992973676,0.507091805,0.792832906,1.10000949,0.472606506,-0.326457391,2.186749409,0.342996534,0.230077674,1.111201382,0.53503759,0.281744497,0.375,51.753,26,-2.131742553,16.18236008,0,5.900828,2.3972,0,0,O=C(O)c1ccc(Cl)c(Cl)c1O,3.29706128
4.842105263,144.7628318,-0.225524122,-0.269500614,0.762807603,-13.45843165,-27.92080416,-23.66127383,187.6098386,48.35204093,-466.4324771,1.182621607,-1.53336205,-1.040592244,1.02994384,-0.726509077,-10.11201167,4.883363078,36.51993921,0.067026377,-0.643888512,-0.05237446,0.053607823,1.51875823,0.532175965,0.493234972,0.571703115,0.590820799,1.084956311,0.506568967,0.779499965,1.015164366,0.490531541,-0.329059993,2.180914545,0.236108468,0.158806981,1.318090373,0.60524918,0.279053242,0.671309869,56.12205328,28.17046667,-1.656187266,27.25819276,0,6.768828,2.0954,2,2,O=C(O)c1cc(Cl)c(Cl)c(O)c1C(=O)O,1.903070313
4.266666667,143.7467383,0.004960896,-0.203529525,0.214825394,-7.839341564,0.520843367,3.77165688,-1099.976104,-62.00249901,300.903908,0.895009778,-0.775034667,-1.146063556,0.274603494,-3.002034374,-9.653118655,3.062002066,44.53246388,-0.117421979,-0.730669072,-0.180986696,-0.095521053,1.567987397,0.437437304,0.369016531,0.499045851,0.60919833,0.800445595,0.400468388,0.844011995,1.053398954,0.457664405,-0.328210937,2.188340616,0.489873408,0.343875078,0.585290925,0.502582216,0.281360742,0.583659167,49.75112622,25.00409981,-2.551563078,11.07583268,0,5.900828,2.6916,0,0,O=C(O)c1cc(Cl)cc(Cl)c1,2.970173144
4.294117647,143.583885,0.074407659,-0.002642248,-0.140735413,-15.93389057,-2.3287129,-123.0569717,-628.4396247,18.62007299,102.1407371,-0.724991003,0.005559862,-0.868669896,0.897202176,-4.083548577,-18.51826281,4.097267907,48.36816679,0.082454282,-0.414441211,-0.215918367,0.06266915,1.164705465,0.733279843,0.786179829,0.483191299,0.647779681,0.721901854,0.780915875,0.817407986,0.87439873,0.419387034,-0.372360082,2.183974654,0.414990369,0.240449573,0.906990414,0.512813979,0.293021678,0.470588235,55.06750159,26.92916695,-2.276583779,17.67884844,0.341851852,8.132035,1.7797,0,0,O=Cc1cc(Br)c(O)c(C=O)c1,3.911573413
4.1875,143.659455,0.244262858,-0.27880174,0.20445874,-1.77235511,9.332686645,-99.74282927,-1696.519192,-13.53705715,-30.48667742,-0.471689063,0.163820313,-0.87453125,0.284374169,-3.443642018,-14.7276692,3.829118642,49.66447623,-0.085236162,-0.513872537,-0.213114754,-0.064956987,1.31103226,0.724650485,0.755640766,0.49081478,0.64735299,0.947508193,0.730635247,0.745370804,1.035589698,0.43778047,-0.370892637,2.188060691,0.362270992,0.210743505,0.697190479,0.510338929,0.284081094,0.375,54.2545,26.5,-1.75277243,16.49921531,0.550833333,7.264035,1.6728,0,0,O=Cc1cc(Br)cc(O)c1O,3.284473236
4.1875,144.7892352,0.408894251,-0.410716534,0.105779956,-15.23765432,6.02004089,-30.42827706,-173.8416307,-31.30482869,-23.83045145,-0.486359766,0.496017578,-1.577001563,-0.014851477,-2.795343233,-14.22350151,3.788331976,44.85314399,-0.140748214,-0.52040627,-0.273936802,-0.108610531,1.31897859,0.756194664,0.756626092,0.56078537,0.622760174,0.945856307,0.733813843,0.813717532,1.130662592,0.436852762,-0.371997828,2.188654341,0.355065248,0.206576444,0.618718206,0.451751525,0.299564866,0.375,43.14175,22,-1.50477119,16.49921531,0,6.394035,1.5637,0,1,O=Cc1cc(O)c(O)c(Cl)c1,2.665210112
4.625,141.9120102,-0.000975036,0.267817895,-0.34598456,-30.83942044,-13.41857826,-564.895154,-1782.386149,59.42471405,-230.8700914,-0.56825625,-0.03421875,0.009125,0.831479766,-5.14223912,-16.27802358,3.839965653,50.27293011,-0.007390808,-0.488999399,-0.244147157,-0.005928999,1.290953041,0.717021306,0.764657184,0.514184239,0.694947611,0.993238739,0.762908708,0.663335901,0.921377936,0.435956006,-0.370923332,2.184787628,0.354191498,0.205302864,1.512033517,0.646730924,0.261553763,0.375,73.9785,35,-2.74012104,16.49921531,0.465972222,7.640828,2.4353,0,0,O=Cc1cc(Br)c(O)c(Br)c1O,3.924260909
3.941176471,146.6017483,-0.197100313,0.297339487,-0.219876243,-22.13163503,-12.76512625,116.9874553,-1565.820931,26.89256567,-356.8487453,0.610408651,-1.123812803,0.34936263,0.408866927,-2.400805898,-13.31372287,3.051772585,51.88623627,0.016960805,-0.668247571,-0.165148515,0.011545272,1.569614619,0.524890768,0.524794179,0.488815158,0.61836556,0.962763859,0.495791412,0.75926195,1.000057673,0.420664649,-0.352200046,2.189007532,0.394111261,0.227807995,0.704094957,0.537881145,0.273003666,0.397346324,51.82440867,25.73211687,-1.817375482,11.01370712,0.71212963,7.697242,1.2536,0,0,NC(=O)c1cc(Br)ccc1O,3.468320213
3.947368421,147.0923417,-0.180427692,0.271450823,-0.112413215,-18.95428413,-4.042635388,380.5439981,-1553.484422,278.1751923,-120.4384873,1.2556,-0.5916,-0.0844,1.641892694,-4.137151677,-18.82408636,3.411703601,52.51700799,0.160497055,-0.645224267,-0.093757866,0.122213871,1.505259912,0.514298507,0.440323889,0.491562993,0.584813513,0.901455396,0.42233376,0.841347211,0.896156018,0.469370641,-0.327052013,2.183178519,0.363140582,0.2429349,0.899971772,0.635452448,0.256935898,0.460783553,51.40365714,26.07824416,-2.140245054,16.18236008,0.648333333,9.270449,2.16132,0,0,Cc1cc(Br)cc(C(=O)O)c1O,3.158740762
4.1875,144.7892352,0.225743852,-0.280938891,0.225131694,-3.348765432,8.208826899,-30.42827706,-525.2156797,-31.30482869,-93.42564004,-0.486359766,0.067017578,-0.827632812,-0.014851477,-2.864298803,-14.25697713,3.788331976,44.85314399,-0.140748214,-0.512117009,-0.213114754,-0.108610531,1.308445203,0.719147674,0.758972832,0.56078537,0.622760174,0.945856307,0.733813843,0.813717532,1.130662592,0.439469942,-0.370862551,2.188538802,0.355368074,0.20673146,0.55884588,0.451433303,0.299615081,0.375,43.14175,22,-1.50477119,16.49921531,0,6.394035,1.5637,0,1,O=Cc1cc(Cl)cc(O)c1O,2.815400998
4.4,141.3823693,-0.14576961,0.158521561,-0.147832481,-14.67647005,-9.192999543,-470.829914,-3280.795186,20.50236821,-109.7974694,-0.383854222,-0.916032,0.925829333,0.75305681,-1.191987041,-5.928707513,3.131898339,53.40405122,-0.014074729,-0.466688289,-0.147727273,-0.011570706,1.219559915,0.572677299,0.69103606,0.506122986,0.681727634,0.803796042,0.734327803,0.71950387,0.884195737,0.404532114,-0.371618015,2.18557274,0.554601035,0.320055121,1.365078615,0.621100899,0.26071658,0.266666667,72.9064854,34.38063724,-3.169862185,11.39268792,1.165509259,7.640828,2.7297,0,0,O=Cc1c(Br)cc(O)cc1Br,3.882107621
4,144.3903773,-0.076368237,0.081797351,-0.121227626,-16.95539095,-7.270639638,-46.37159956,-249.5840627,-83.24628598,-195.5466764,-0.341094222,-0.665772,0.165449333,-0.097097255,-1.085925032,-10.64882379,3.092977019,47.84059834,-0.151344035,-0.47574125,-0.25974026,-0.116453474,1.226976433,0.594144967,0.700888776,0.523830867,0.6477011,0.772320173,0.712567703,0.859426967,1.081206281,0.39994574,-0.371768761,2.189666806,0.531342563,0.306614971,0.575851747,0.421607229,0.304031077,0.3169925,40.77960312,20.83674984,-1.918723266,11.39268792,0,6.394035,1.8581,0,1,O=Cc1ccc(O)cc1Cl,2.925489177
4,145.9510872,-0.127263779,0.008401906,0.122603932,-38.64121323,-19.073461,127.068443,-875.0895954,-59.38870637,-142.690048,1.086071605,-1.772349383,0.25898642,0.264382134,-0.279413451,-2.407571816,2.697199807,49.60173154,-0.142017516,-0.684248123,-0.19047619,-0.113763709,1.530089051,0.465061366,0.37272793,0.500449632,0.584330376,0.757478405,0.382784272,0.930618112,1.120153729,0.434529703,-0.333684404,2.188198374,0.461336035,0.294813541,0.812534943,0.569511891,0.266833132,0.486382639,47.38807902,24.33400279,-2.959589699,11.07583268,0,7.907242,2.6205,2,2,O=C(O)Cc1ccc(Cl)cc1Cl,3.701760268
5.055555556,143.8779254,-0.223436011,-0.457231301,0.830773321,-1.720164609,-16.45383072,-120.8552555,-455.0440803,51.69186043,-287.9916697,1.347367284,-1.612000926,-1.151114198,1.302047152,0.563647291,-5.90990238,4.483179224,33.55555101,0.090940675,-0.676748925,0.03030303,0.075995907,1.554995996,0.442960154,0.40395975,0.562096043,0.655454397,1.003930316,0.446914308,0.799072508,0.93484498,0.484844957,-0.329469354,2.179249751,0.278019391,0.196595722,1.511308986,0.642599622,0.273259106,0.819715972,62.31339891,31.28387779,-2.842668015,22.15166537,0,6.275621,3.0432,2,2,O=C(O)c1c(Cl)cc(Cl)c(Cl)c1C(=O)O,2.336957504
4.5,144.1069054,0.442348098,-0.504164883,0.141821033,-18.29938272,7.151768023,65.34604536,-212.4196305,-64.31951722,-92.0358343,0.024998437,0.328107813,-2.29963125,-0.84208425,-1.958599835,-13.05031982,3.758954428,41.85359595,-0.174559982,-0.558188373,-0.27090301,-0.14126003,1.390731996,0.727577798,0.740050464,0.532836591,0.571188738,0.992973676,0.643658856,0.792832906,1.150593085,0.440600599,-0.357742662,2.188176595,0.352000252,0.204793491,0.828685214,0.538699151,0.277998968,0.375,51.753,26,-2.131742553,15.45548156,0,5.900828,2.1302,2,2,O=C(Cl)c1cc(O)c(O)c(Cl)c1,2.662886089
3.941176471,145.7487098,0.382478606,-0.657272092,0.335682906,-30.96539792,-2.094194541,26.38387597,-156.3922739,-110.7916247,-326.1555535,0.716055363,-0.274359862,-3.027577855,-0.683361626,-2.346576677,-13.7770465,4.349865436,42.98494289,-0.15853879,-0.647381783,-0.316212871,-0.118923287,1.487568406,0.606056472,0.556950091,0.806330369,0.614733329,1.032900194,0.533453138,0.802299004,1.214256635,0.462535303,-0.327660886,2.191273366,0.281152663,0.18696089,0.415585594,0.432791818,0.298625104,0.794692647,37.05669768,19.23511925,-0.151374474,21.28888747,0,6.887242,0.796,1,0,O=C(O)c1ccc(O)c(O)c1,2.516665082
4.5,139.2457403,0.180253799,-0.295297321,-0.091354819,-35.69135802,-7.929820247,-1630.694627,-7397.703686,33.68247768,128.615229,0.901923438,-0.772242188,-1.596584375,0.640812622,-13.28415032,-16.86195459,3.852882568,69.2609887,0.094701249,-0.666838443,-0.27090301,0.057944797,1.508207807,0.555459893,0.48460856,0.519495346,0.713607098,0.91810279,0.462896486,0.518427401,0.718974806,0.459103545,-0.328001387,2.131278211,0.368862085,0.244527108,1.614601419,0.700469534,0.244060562,0.375,97.4785,44,-2.723867641,16.18236008,1.10537037,12.240828,2.2996,2,2,O=C(O)c1cc(I)c(O)c(I)c1,2.838905095
4.125,142.327325,0.114875043,-0.196103062,-0.17577734,-32.69367284,-9.05732196,-264.35957,-1622.224099,-43.12650101,-316.4692922,0.903152734,-0.777044922,-1.587702344,0.701746578,-4.631046649,-12.9492634,3.835667083,60.27956597,-0.022913719,-0.67209544,-0.311950582,-0.014953468,1.508522937,0.529513284,0.476591042,0.487107608,0.661120233,0.916927644,0.46301666,0.644945048,0.894845226,0.457816472,-0.328050236,2.142830928,0.371631163,0.245790252,1.009904569,0.54738639,0.270824898,0.422180469,66.0045,31,-1.694380518,16.18236008,0.543981481,9.564035,1.695,1,0,O=C(O)c1ccc(O)c(I)c1,3.215997302
4.157894737,145.8151493,-0.063361194,-0.672129205,0.926783085,-29.74515235,-28.82425362,47.16502599,-193.5159746,-82.49993911,-332.0633676,1.536398892,-1.565623269,-2.246731302,-0.122189091,-1.577092166,-9.899006891,4.933825793,40.68554192,0.012554559,-0.682695906,-0.10199005,0.009348922,1.544463216,0.471722832,0.477271782,0.76215032,0.56903369,0.979372764,0.453904441,0.820514663,1.078535615,0.477469874,-0.330105643,2.186003934,0.251063294,0.166179885,0.535377585,0.484813378,0.294945053,0.921567105,40.61385716,21.25268638,-0.115597921,27.25819276,0,7.755242,0.7886,0,1,O=C(O)c1ccc(O)cc1C(=O)O,2.440761258
4.473684211,143.1900957,-0.042669472,0.155041222,-0.828601702,-35.89631545,-20.13750095,-300.9914331,-1794.131368,27.54291316,-155.7686079,1.533972022,-1.263692798,-1.5336759,1.424245402,-5.449499765,-17.52621564,4.961316206,52.14039278,0.141739919,-0.676299055,-0.180586627,0.093723331,1.544580159,0.535393181,0.491626003,0.496277907,0.672664574,0.980632366,0.453959739,0.649255483,0.846048336,0.477486499,-0.328035769,2.141733178,0.246353732,0.165087397,1.186545022,0.615943625,0.270253602,0.671309869,68.86717727,32.64196931,-1.202891875,27.25819276,0.194351852,10.432035,1.3932,1,0,O=C(O)c1cc(I)c(O)c(C(=O)O)c1,2.966842221
4.5,139.2457403,-0.159083209,0.269170405,-0.153833582,-10.75802469,-7.496635062,-1630.694627,-9120.071695,33.68247768,221.7481359,0.901923438,-0.395242188,0.696053125,0.640812622,-13.78171208,-16.84609175,3.852882568,69.2609887,0.094701249,-0.637979355,-0.163879599,0.057944797,1.485083349,0.559299202,0.48687175,0.519495346,0.713607098,0.91810279,0.462896486,0.518427401,0.718974806,0.471088083,-0.326678688,2.131582555,0.367633917,0.246368911,1.401795698,0.699362844,0.244060562,0.375,97.4785,44,-2.723867641,16.18236008,1.351018519,12.240828,2.2996,0,0,O=C(O)c1cc(I)cc(I)c1O,3.510976228
3.941176471,147.641146,-0.15030822,0.117355761,-0.288871672,-37.35887906,-18.58876743,117.0199114,-329.5047845,4.401509806,-329.9653771,0.602906574,-1.406619377,0.065743599,0.060295446,-0.55050471,-11.83985154,3.019929551,47.11636775,-0.043234128,-0.677860115,-0.165148515,-0.030072229,1.571968032,0.482019027,0.505421838,0.569308262,0.574916987,0.957770455,0.500248133,0.826068608,1.090204216,0.41187572,-0.353021042,2.189299944,0.393544801,0.227097812,0.638233449,0.479245925,0.288537654,0.397346324,41.1366551,21.40421504,-1.56895214,11.01370712,0,6.827242,1.1445,1,0,NC(=O)c1ccc(O)cc1Cl,3.356187528
4.733333333,144.7558116,-0.033107035,0.111831658,-0.012549214,4.931431184,-1.908843164,-554.2606361,-4030.143731,-20.19661629,67.39716324,0.5842,-0.3183,-0.769,0.565644277,-4.753234619,-12.09550184,5.168661027,44.48014151,-0.167712509,-0.283871824,-0.160557185,-0.116095069,1.139280443,1.016072633,0.462324909,0.519524806,0.697048655,0.563303374,0.556311988,0.635352906,1.060617934,0.512283116,-0.386170255,2.190170253,0.438172417,0.273169836,1.142606011,0.63906375,0.261696255,0.266666667,77.33090877,36.46431223,-3.22172626,10.02983844,0.835601852,6.935621,2.8254,0,1,O=[N+]([O-])c1cc(Br)cc(Br)c1O,3.480588576
4.076923077,140.6009661,0.050002255,-0.094425587,0.070232104,-20.18858613,-2.358954067,-460.8889067,-3628.851857,-58.46117825,-102.6317522,-0.009708876,-0.212376331,-0.581315976,-0.022640215,-3.918412356,-7.412956972,1.649900366,60.09687705,-0.236808686,-0.574776646,-0.327793167,-0.199875541,1.358180334,0.584706618,0.624702928,0.502966614,0.676764983,0.966071877,0.614826523,0.67641405,1.037691291,0.37979399,-0.291310952,2.191974903,0.72770055,0.420953088,0.986127625,0.597703289,0.246698101,0.519606731,71.70455902,33.58860667,-3.077297428,5.106527395,1.656527778,6.772828,2.9172,0,1,Oc1ccc(Br)cc1Br,3.299458137
4.285714286,141.2491233,-0.018863205,-0.117330578,0.352390023,-31.44615212,-13.79782026,-562.91775,-2927.618593,-17.97613209,-408.1940592,-0.121730612,-0.63284898,-0.346073469,0.063728706,-3.979161619,-10.06084623,2.724878223,55.99939862,-0.216525716,-0.566081102,-0.336842105,-0.176760085,1.364447706,0.587974161,0.640148783,0.511517894,0.692471488,1.117354851,0.657450082,0.613611178,1.066232437,0.409436325,-0.287086901,2.190574761,0.457000058,0.264385708,1.256978065,0.621500837,0.247629041,0.571428571,72.85754379,34.2661943,-2.650124405,10.21305479,0.95962963,6.772828,2.6228,0,1,Oc1cc(Br)c(O)cc1Br,3.420166158
4.461538462,148.7046679,0.274496083,-0.628913164,0.644362543,-29.21891056,-8.068940694,-207.7688454,-935.292598,-28.3927957,-187.3128471,0.80392426,-0.207850888,-2.16688284,0.380941799,-2.146353866,-3.385843119,4.385662454,42.11918166,-0.145114232,-0.689496226,-0.218490879,-0.112861313,1.576424348,0.733251439,0.499641029,0.501803325,0.675186536,1.134411749,0.62211107,0.92691016,1.11345187,0.507336874,-0.483589134,2.240997075,0.289337274,0.223991464,0.677373915,0.522302639,0.267877849,0.153846154,58.91640865,28.46492091,-1.116973637,16.18236008,4.625486111,6.993621,1.4459,0,0,O=C(O)c1cc(Br)c(O)o1,3.261391183
4.583333333,146.136857,0.072493115,-0.824642828,0.429110529,-54.52083333,-40.11342593,97.89001157,-221.4660837,24.2843839,-557.533204,2.755694444,-2.123541667,-5.491388889,1.096722471,-1.434921216,-9.325384487,5.823302469,35.18924871,0.257624635,-0.723820854,-0.030129125,0.192030284,1.621482342,0.460607902,0.477571922,0.754801512,0.460324392,1.031767956,0.425089373,0.824563748,0.92660356,0.490252273,-0.332111984,2.177063199,0.161431811,0.11359726,0.898988725,0.593669388,0.288201079,1.666666667,37.96325915,38.83709376,0.405095447,44.30333073,0,9.491242,0.4794,0,1,O=C(O)c1cc(C(=O)O)c(C(=O)O)cc1C(=O)O,2.944445781
4.055555556,145.5153344,-0.163996866,0.427890406,-0.574919668,-18.59259259,-13.20164609,-44.13168553,-140.2514166,-85.88128974,-239.3936892,0.477283951,-0.701481481,-0.05654321,-0.098188164,-2.633076276,-16.10645993,4.562414266,42.93582616,0.006918927,-0.591164111,-0.198717949,0.005091276,1.418170659,0.583628485,0.609515935,0.72372114,0.700230923,0.85574922,0.57407148,0.851418971,1.029052936,0.469818555,-0.372227132,2.186819031,0.311329773,0.208141815,0.470699899,0.438271863,0.306353687,0.375271528,38.48655446,19.92297501,-0.682703253,22.4685206,0,7.755242,0.9029,0,0,O=Cc1ccc(O)c(C(=O)O)c1,3.064559371
3.75,145.4089098,-0.027603449,-0.255225505,0.490054505,-21.75,-12.22743056,-12.47209452,-180.7073294,-170.9647926,-114.1976851,0.904375,-0.781875,-1.18875,-0.779443296,-1.975091202,-11.74490525,3.817708333,45.62821958,-0.170808187,-0.666174582,-0.25083612,-0.126248437,1.50004624,0.497098277,0.466219823,0.777773862,0.702501019,0.91576087,0.463137996,0.834662492,1.158472494,0.458325831,-0.32804339,2.192599053,0.372667672,0.246017563,0.294073255,0.404531228,0.302942101,0.625,34.5305,18,-0.561360006,16.18236008,0,6.887242,1.0904,0,0,O=C(O)c1cccc(O)c1,2.521399448
4.333333333,145.868301,0.054597359,-0.416549874,0.19330602,-38.06122449,-21.66213152,65.66596445,-130.9650267,-55.01681737,-474.7193217,2.34,-1.17,-4.05,0.43934922,-1.848963029,-11.70751755,5.35600907,38.59684834,0.149557269,-0.72956196,-0.121929825,0.110771567,1.615501575,0.475185547,0.446514253,0.731476197,0.535630448,0.947368421,0.398245614,0.835652878,0.970575943,0.479912727,-0.331408047,2.182158783,0.207942325,0.146319891,0.668848944,0.525662995,0.29218365,1.322592262,43.8566655,22.81690079,-0.071485218,33.22749805,0,8.623242,0.7812,2,2,O=C(O)c1ccc(C(=O)O)c(C(=O)O)c1,2.238221644
4.285714286,145.868301,0.211881115,-0.274892057,-1.097160133,-48.48979592,-18.31292517,65.66596445,-252.0310357,-55.01681737,-30.14035608,2.34,-1.26,-4.83,0.43934922,-2.855387314,-17.17443023,5.35600907,38.59684834,0.149557269,-0.742874961,-0.207894737,0.110771567,1.62584063,0.475829625,0.4425628,0.731476197,0.535630448,0.947368421,0.398245614,0.835652878,0.970575943,0.474329234,-0.329655924,2.18266038,0.210290681,0.147592804,0.621979354,0.524008546,0.29112234,1.584962501,28.0923986,43.31347594,-0.071485218,33.22749805,0,8.623242,0.7812,0,0,O=C(O)c1cc(C(=O)O)cc(C(=O)O)c1,2.296594908
3.8125,145.4089098,-0.223852261,0.502870114,-0.405624666,-7.25,-9.296875,-12.47209452,-15.76135642,-170.9647926,-359.7815673,0.904375,-0.391875,0.71375,-0.779443296,-1.839450593,-11.79074922,3.817708333,45.62821958,-0.170808187,-0.636830995,-0.179487179,-0.126248437,1.482045417,0.561700887,0.487573403,0.777773862,0.702501019,0.91576087,0.463137996,0.834662492,1.158472494,0.46825018,-0.326717018,2.19239422,0.358663281,0.239769395,0.333330386,0.408028291,0.304495253,0.75,34.5305,18,-0.561360006,16.18236008,0,6.887242,1.0904,0,0,O=C(O)c1ccccc1O,2.913346273
4.055555556,145.5153344,0.023159975,0.002195146,-0.423860458,-28.59259259,-9.868312757,-44.13168553,-140.2514166,-85.88128974,-322.8409493,0.477283951,-0.701481481,-1.74654321,-0.098188164,-2.633076276,-16.10645993,4.562414266,42.93582616,0.006918927,-0.606566054,-0.256410256,0.005091276,1.429065071,0.565785327,0.610400574,0.72372114,0.700230923,0.85574922,0.57407148,0.851418971,1.029052936,0.458975743,-0.371004298,2.186827341,0.312133963,0.206284654,0.486643386,0.436434819,0.306353687,0.486382639,38.48655446,19.92297501,-0.682703253,22.4685206,0,7.755242,0.9029,0,1,O=Cc1cc(C(=O)O)ccc1O,2.863684201
4,145.5171124,0.086999676,-0.095835353,-0.38497474,-24.37037037,-5.769547325,15.65242247,-91.48627448,-139.4970291,-210.5786884,1.777283951,-0.415925926,-2.727530864,-0.21554784,-2.226927701,-13.6613542,4.562414266,42.93582616,0.008696943,-0.736177366,-0.237179487,0.006399625,1.60604001,0.493364952,0.413126185,0.72372114,0.640163004,0.85574922,0.375060034,0.851418971,1.027817274,0.465077439,-0.329420893,2.187951437,0.291771197,0.204763665,0.427544615,0.453311745,0.298157506,1,38.37455446,20.16407778,-0.531353253,22.15166537,0,7.755242,1.083,0,0,O=C(O)c1cccc(C(=O)O)c1,2.485532793
4.388888889,142.7893171,0.100670786,-0.129172064,-0.32175942,-29.87019662,-8.882211738,-298.1599484,-1736.136181,35.55572254,-41.22764831,0.475589506,-0.698012037,-1.754937654,1.446653206,-6.030795294,-18.8170926,4.585871551,54.97791676,0.13900504,-0.602137577,-0.220094192,0.091643073,1.42895095,0.586787446,0.614875653,0.490580938,0.664769426,0.856771889,0.57429101,0.679590139,0.806727202,0.460453825,-0.370976462,2.141773577,0.310128011,0.205435655,1.130135481,0.573223862,0.278915162,0.333333333,67.65193657,31.96942501,-1.784980447,22.4685206,0.346851852,10.432035,1.5075,0,0,O=Cc1cc(C(=O)O)cc(I)c1O,3.609024314
3.75,145.4089098,0.035217676,-0.088292815,-0.260433943,-29.75,-10.22743056,-12.47209452,-180.7073294,-170.9647926,-251.2606846,0.904375,-0.781875,-1.57875,-0.779443296,-1.975091202,-11.74490525,3.817708333,45.62821958,-0.170808187,-0.674669013,-0.322185061,-0.126248437,1.506732087,0.501473955,0.467406133,0.777773862,0.702501019,0.91576087,0.463137996,0.834662492,1.158472494,0.456705214,-0.328098763,2.192648877,0.373838658,0.246678451,0.30628446,0.40221617,0.302942101,0.625,34.5305,18,-0.561360006,16.18236008,0,6.887242,1.0904,0,1,O=C(O)c1ccc(O)cc1,2.331657626
3.722222222,146.4584546,-0.111652494,-0.017662394,0.118027748,-35.55845146,-18.93441828,57.73648444,-305.9697748,-162.1671581,-258.3048636,1.09252716,-1.329929938,0.179983642,-0.379792207,0.409100503,-2.449193989,2.722785902,50.8254867,-0.169947775,-0.668542247,-0.193822394,-0.130466505,1.523385749,0.496866493,0.383191988,0.551056599,0.625227704,0.748886741,0.375896895,0.94324865,1.139573599,0.434284166,-0.333704727,2.190817815,0.454541503,0.29047153,0.621594289,0.514440274,0.277180548,0.666666667,39.4084642,20.62740278,-2.180586045,11.07583268,0,8.400449,1.9671,0,1,O=C(O)Cc1ccccc1Cl,3.452552644
4.125,146.8024272,-0.096635277,0.098817548,-0.158769605,-23.72839506,-6.341325636,128.8812005,-735.6404261,43.56039953,-353.8797915,0.643346875,-0.882594922,-0.103703125,0.578411273,-1.074006519,-9.715891657,2.20468488,48.14276329,-0.010517175,-0.774581224,-0.154826958,-0.007457332,1.740470118,0.458761384,0.438506475,0.494885345,0.578321271,0.795805782,0.4250996,0.836299156,1.004197077,0.406176313,-0.353169527,2.187927984,0.399146448,0.272660178,0.761532564,0.513566995,0.280586343,0.547180469,47.38125,24.25,-2.767287087,5.907179729,0,6.334035,2.0923,0,0,NC(=O)c1ccc(Cl)cc1Cl,3.511279894
4.0625,144.6370153,-0.022026702,-0.138517143,0.148774606,-21.65423525,-3.629805116,-106.1748813,-4321.866693,83.29803013,334.1630256,0.650546875,-0.931419922,-0.676103125,1.074750079,-4.472114501,-11.9184145,2.256439418,57.08686115,0.107168047,-0.812491113,-0.154826958,0.074562459,1.78166067,0.41887803,0.43421694,0.497064713,0.647761459,0.807614457,0.410867394,0.714256517,0.843554636,0.399549182,-0.353866107,2.187274007,0.434945529,0.295369468,0.888161599,0.641222578,0.248106412,0.672180469,69.60675,33.25,-3.234880279,5.907179729,1.667916667,8.074035,2.3105,0,1,NC(=O)c1cc(Br)cc(Br)c1,3.589148313
4,145.5171124,0.065779157,0.017785854,-0.129404279,-31.37037037,-5.21399177,15.65242247,-91.48627448,-139.4970291,-435.7061019,1.777283951,-0.415925926,-2.817530864,-0.21554784,-2.226927701,-13.6613542,4.562414266,42.93582616,0.008696943,-0.739911011,-0.294871795,0.006399625,1.609184935,0.502067125,0.414010824,0.72372114,0.640163004,0.85574922,0.375060034,0.851418971,1.027817274,0.462950608,-0.330607041,2.188150649,0.292060188,0.2049506,0.440436326,0.448726007,0.298157506,1.222222222,29.25699891,30.29039446,-0.531353253,22.15166537,0,7.755242,1.083,0,0,O=C(O)c1ccc(C(=O)O)cc1,2.662424802
4.470588235,143.9360474,0.048817911,-0.269244515,0.303480507,-17.54145841,-9.263395054,170.5019677,-39.40981755,-126.7419105,254.686701,0.428130104,-0.691760554,-1.451244291,-1.53058195,-1.136821214,-14.93706397,4.02994733,40.57220875,-0.059164039,-0.54135336,-0.191351351,-0.047400413,1.372890641,0.573779471,0.73143307,0.504505068,0.547214795,0.756283435,0.570668127,0.862890498,1.013136068,0.420651487,-0.358625865,2.186257058,0.427324009,0.246587804,0.765487126,0.560324512,0.275739043,0.7502875,52.66166905,26.44828897,-2.505172447,15.59138093,0,6.768828,2.1502,0,1,O=C(Cl)c1cc(O)cc(C(=O)Cl)c1,3.055636224
4.076923077,140.3535832,0.070893496,-0.098091284,0.063658792,-18.05033531,-1.338859377,-483.5137997,-4440.412604,-52.23874876,-68.36967367,0.002631953,0.197991716,-0.633507101,0.033543562,-6.43598288,-7.53078944,1.629267038,67.09708338,-0.227215847,-0.569384199,-0.327793167,-0.15739236,1.355620743,0.616050832,0.624368043,0.49048462,0.663511521,0.938234623,0.61405684,0.627847372,0.951136803,0.38618275,-0.289083446,2.143746988,0.703415989,0.407238701,0.852507019,0.543574786,0.260287559,0.365760577,72.43012985,33.58860667,-2.938642891,5.106527395,1.023518519,8.202828,2.6502,0,0,Oc1ccc(I)cc1Cl,3.731186888
4.285714286,143.8476176,-0.023231268,0.142821427,-0.123181036,-29.24666163,-12.67852088,-21.83999204,-469.2851763,-43.03383169,-240.5670569,-0.14957551,-0.600283673,0.109953061,-0.235013776,-2.348454677,-9.602385869,2.65492754,46.13982287,-0.331787698,-0.555486756,-0.336842105,-0.273498827,1.358064054,0.631996897,0.64467529,0.526633026,0.604411714,1.105958607,0.666683747,0.762227179,1.276317994,0.421265524,-0.28245614,2.19161457,0.425350233,0.24632757,0.784500998,0.486627163,0.281693338,0.571428571,48.68029613,24.47585307,-2.175015401,10.21305479,0,5.032828,2.4046,2,2,Oc1cc(O)c(Cl)cc1Cl,3.167701636
4.538461538,142.588524,0.014524349,-0.047373676,0.065825412,-16.97691577,-3.391224278,-105.5884962,-537.2567339,-32.64293989,-183.4403136,-0.074365089,-0.41228284,-0.306155621,-0.047114336,-1.430102508,-6.406496486,1.563326055,43.28123066,-0.320773537,-0.549525802,-0.336213668,-0.286708619,1.337325744,0.613268222,0.606585119,0.518703888,0.655111756,0.980131841,0.651043675,0.800873268,1.214611848,0.401784846,-0.283278458,2.190014559,0.656484788,0.380112254,1.116049898,0.525747255,0.272946897,0.673452885,56.20341704,27.89562249,-3.371932387,5.106527395,0,4.539621,3.3524,0,1,Oc1cc(Cl)c(Cl)cc1Cl,3.423671039
4.285714286,143.8476176,-0.003332254,-0.103425895,0.339693784,-29.24666163,-12.67852088,-21.83999204,-469.2851763,-43.03383169,-300.4602699,-0.14957551,-0.600283673,-0.338946939,-0.235013776,-2.348454677,-9.602385869,2.65492754,46.13982287,-0.331787698,-0.556941216,-0.336842105,-0.273498827,1.358507336,0.618065122,0.64467529,0.526633026,0.604411714,1.105958607,0.666683747,0.762227179,1.276317994,0.419220493,-0.282966725,2.191627605,0.431676509,0.249947219,0.784500998,0.486340287,0.281693338,0.571428571,48.68029613,24.47585307,-2.175015401,10.21305479,0,5.032828,2.4046,0,1,Oc1cc(Cl)c(O)cc1Cl,3.219405229
4.733333333,147.1180792,-0.041466969,0.06285803,0.03905114,3.917695473,-2.694245796,-32.04547037,-819.0434187,-46.67974483,-7.654141436,0.539128,-0.439572,-0.817864,0.15075225,-2.935672484,-12.39388706,5.065477146,35.90930408,-0.297726912,-0.275227897,-0.160557185,-0.214203519,1.131863916,1.008888388,0.465048627,0.508615193,0.62556622,0.574329307,0.573059385,0.777130294,1.261592835,0.516114361,-0.386145229,2.19121148,0.416893416,0.260656559,0.784468654,0.514431442,0.2901292,0.266666667,54.17554959,27.0877748,-2.765278447,10.02983844,0,5.195621,2.6072,0,0,O=[N+]([O-])c1cc(Cl)cc(Cl)c1O,4.022464677
4.705882353,146.4182504,-0.080121903,0.194493436,-0.206743445,-20.23033876,-4.740967519,72.50705373,559.9432657,164.8037547,-411.7409852,0.87490519,-0.53957474,-0.438299654,1.328274913,0.081736213,-15.79743191,2.965206481,41.59482574,-0.063977598,-0.677069283,-0.16859375,-0.047777015,1.628204956,0.559837631,0.397456495,0.53291002,0.603240108,1.042421692,0.447479333,0.781379538,1.087700174,0.465417079,-0.327192869,2.183337089,0.3436212,0.242761458,1.628065921,0.606512529,0.271609798,0.397346324,57.70049717,29.09826274,-3.115780726,11.07583268,0,5.840828,2.9272,1,0,Nc1c(C(=O)O)cc(Cl)c(Cl)c1Cl,3.330312551
4.785714286,139.2395617,0.072551051,0.146195759,-0.177604203,-38.15822625,-11.87408273,-1583.43429,-6020.320861,21.59189196,-227.5391158,-0.2132,0.1361,-0.1338,0.071824265,-7.444632442,-11.60550462,2.725669512,52.99937695,-0.14229185,-0.544857367,-0.304046243,-0.127449486,1.360806388,0.704998787,0.683985969,0.560959003,0.767470866,1.187504047,0.693191914,0.519961242,0.955258825,0.427328474,-0.285878992,2.187099553,0.430896542,0.249979152,1.845172084,0.771927927,0.226317378,0.76820625,94.3136205,43.51262768,-3.615093968,10.21305479,1.321157407,7.149621,3.3853,0,0,Oc1c(Br)cc(Br)c(O)c1Br,3.687936116
3.789473684,150.8999518,-0.172998643,0.078955007,-0.021246755,-45.2370036,-18.54848783,393.0251223,294.2012401,133.1254752,-56.98321827,0.83945928,-2.066476454,0.31924349,1.122345901,2.443409436,7.543932651,1.735136769,55.75215409,-0.207950945,-0.716039805,-0.160028249,-0.147472648,1.683775682,0.62882509,0.493324471,0.47948802,0.583622654,0.695169334,0.492515073,1.129633895,1.177187139,0.369985131,-0.362821104,2.191964617,0.391239528,0.264694077,1.328983697,0.616207952,0.259816016,0.500514474,55.3077261,27.86684522,-3.804540026,5.907179729,0.817841396,10.350449,3.0609,0,0,CC(=O)Nc1ccc(Br)c(Cl)c1,3.430342505
